batch_name,batch_id,cell_id,experiment,variant_id,revision_strategy,accepted_comparator_strategy,accepted_comparator_cell_id,anchor_id,stress_grid_class,city,scenario,time_slice,selector_role,weather_year,physical_condition_id,sentinel_id,sampling_frame,interpretation_scope,paperb_spatial_quantile,paperb_tail_threshold,paperb_asym_threshold,paperb_save_heat_c,paperb_save_cool_c,paperb_warm_protect_cool_c,paperb_cold_protect_heat_c,paperb_tighten_dwell_steps,paperb_relax_dwell_steps,paperb_pmv_threshold,paperb_signal_alpha,paperb_adaptive_rm_clamp_low_c,paperb_adaptive_rm_clamp_high_c,paperb_met,paperb_people_activity_w,controller_semantics,inference_preprocessing,sizing_contract,accepted_trace_rows,accepted_occupied_rows,accepted_occupied_hours,accepted_zone_count,accepted_timestep_hours,accepted_facility_electricity_j,accepted_facility_natural_gas_including_service_water_j,accepted_facility_electricity_kwh_delivered,accepted_facility_natural_gas_including_service_water_kwh_delivered,accepted_total_delivered_site_electricity_plus_facility_gas_kwh,accepted_occupied_mean_heating_setpoint_c,accepted_occupied_mean_cooling_setpoint_c,accepted_occupied_worst_zone_degree_hours_above_26c,accepted_occupied_worst_zone_degree_hours_above_26c_zone,accepted_occupied_worst_zone_degree_hours_above_28c,accepted_occupied_worst_zone_degree_hours_above_28c_zone,accepted_occupied_worst_zone_degree_hours_above_30c,accepted_occupied_worst_zone_degree_hours_above_30c_zone,accepted_occupied_worst_zone_degree_hours_below_18c,accepted_occupied_worst_zone_degree_hours_below_18c_zone,accepted_occupied_worst_zone_degree_hours_below_16c,accepted_occupied_worst_zone_degree_hours_below_16c_zone,accepted_controller_evaluated_rows,accepted_branch_relax_count,accepted_branch_warm_protection_count,accepted_branch_cold_protection_count,accepted_branch_risk_hold_count,accepted_outcome_applied_count,accepted_outcome_dwell_blocked_count,accepted_outcome_bound_saturated_count,accepted_outcome_hold_count,accepted_requested_warm_direction_count,accepted_requested_cold_direction_count,accepted_setpoint_moved_count,accepted_hold_guard_count,accepted_adaptive_running_mean_outside_10_to_33p5c_rows_occ,accepted_adaptive_running_mean_outside_10_to_33p5c_pct_occ,accepted_adaptive_running_mean_clamped_rows_occ,accepted_adaptive_running_mean_clamped_pct_occ,accepted_adaptive_running_mean_clamp_flag_present,revision_trace_rows,revision_occupied_rows,revision_occupied_hours,revision_zone_count,revision_timestep_hours,revision_facility_electricity_j,revision_facility_natural_gas_including_service_water_j,revision_facility_electricity_kwh_delivered,revision_facility_natural_gas_including_service_water_kwh_delivered,revision_total_delivered_site_electricity_plus_facility_gas_kwh,revision_occupied_mean_heating_setpoint_c,revision_occupied_mean_cooling_setpoint_c,revision_occupied_worst_zone_degree_hours_above_26c,revision_occupied_worst_zone_degree_hours_above_26c_zone,revision_occupied_worst_zone_degree_hours_above_28c,revision_occupied_worst_zone_degree_hours_above_28c_zone,revision_occupied_worst_zone_degree_hours_above_30c,revision_occupied_worst_zone_degree_hours_above_30c_zone,revision_occupied_worst_zone_degree_hours_below_18c,revision_occupied_worst_zone_degree_hours_below_18c_zone,revision_occupied_worst_zone_degree_hours_below_16c,revision_occupied_worst_zone_degree_hours_below_16c_zone,revision_controller_evaluated_rows,revision_branch_relax_count,revision_branch_warm_protection_count,revision_branch_cold_protection_count,revision_branch_risk_hold_count,revision_outcome_applied_count,revision_outcome_dwell_blocked_count,revision_outcome_bound_saturated_count,revision_outcome_hold_count,revision_requested_warm_direction_count,revision_requested_cold_direction_count,revision_setpoint_moved_count,revision_hold_guard_count,revision_adaptive_running_mean_outside_10_to_33p5c_rows_occ,revision_adaptive_running_mean_outside_10_to_33p5c_pct_occ,revision_adaptive_running_mean_clamped_rows_occ,revision_adaptive_running_mean_clamped_pct_occ,revision_adaptive_running_mean_clamp_flag_present,delta_facility_electricity_kwh_delivered,delta_facility_natural_gas_including_service_water_kwh_delivered,delta_total_delivered_site_electricity_plus_facility_gas_kwh,delta_occupied_worst_zone_degree_hours_above_26c,delta_occupied_worst_zone_degree_hours_above_28c,delta_occupied_worst_zone_degree_hours_above_30c,delta_occupied_worst_zone_degree_hours_below_18c,delta_occupied_worst_zone_degree_hours_below_16c,delta_occupied_mean_heating_setpoint_c,delta_occupied_mean_cooling_setpoint_c,delta_branch_relax_count,delta_branch_warm_protection_count,delta_branch_cold_protection_count,delta_branch_risk_hold_count,delta_outcome_applied_count,delta_outcome_dwell_blocked_count,delta_outcome_bound_saturated_count,delta_outcome_hold_count,delta_setpoint_moved_count,delta_hold_guard_count,delta_adaptive_running_mean_outside_10_to_33p5c_rows_occ,delta_adaptive_running_mean_outside_10_to_33p5c_pct_occ,delta_adaptive_running_mean_clamped_rows_occ,delta_adaptive_running_mean_clamped_pct_occ,delta_total_delivered_site_energy_pct_of_accepted
adaptive,rev01_adaptive24,REV01-A024-021,C1,rev01_adaptive_rm_clamp_10_33p5,paperb_adaptive_band_clamped_relax,paperb_adaptive_band_relax,SCALED-96-007,ahmedabad_ssp245_future_extreme,late_century_hot_extreme,Ahmedabad,ssp245,late_2080s,heatwave_extreme,2081,ahmedabad|ssp245|late_2080s|2081,,full_24_anchor_stress_test_grid,stress-test grid; time horizon and weather-year selection rule are confounded; not a causal future-climate contrast,0.90000000000000002,0.20000000000000001,0.10000000000000001,20,26,23.25,23.25,4,1,0.5,1,10,33.5,0.85433300000000001,93.200000000000003,corrected,training_contract,accepted_denver,35040,16704,4176,15,0.25,2060184259246.2378,89496638276.290237,572273.40534617717,24860.177298969509,597133.58264514664,20.050092792145595,25.926888769157088,8940.3690492301048,perimeter_bot_zn_1,2354.6638784535808,perimeter_bot_zn_1,192.9298063318185,perimeter_mid_zn_1,0,core_bottom,0,core_bottom,16704,15033,43,0,1628,1124,3,13949,1628,43,0,1124,1628,2614,15.648946360153257,0,0,False,35040,16704,4176,15,0.25,2060184259246.2378,89496638276.290237,572273.40534617717,24860.177298969509,597133.58264514664,20.050092792145595,25.926888769157088,8940.3690492301048,perimeter_bot_zn_1,2354.6638784535808,perimeter_bot_zn_1,192.9298063318185,perimeter_mid_zn_1,0,core_bottom,0,core_bottom,16704,15033,43,0,1628,1124,3,13949,1628,43,0,1124,1628,2614,15.648946360153257,2614,15.648946360153257,True,0,0,0,0,0,0,0,0,0,0,0,0,0,0,0,0,0,0,0,0,0,0,2614,15.648946360153257,0
adaptive,rev01_adaptive24,REV01-A024-001,C1,rev01_adaptive_rm_clamp_10_33p5,paperb_adaptive_band_clamped_relax,paperb_adaptive_band_relax,SCALED-96-003,ahmedabad_ssp245_present_typical,present_typical,Ahmedabad,ssp245,baseline_2020s,typical,2025,ahmedabad|ssp245|baseline_2020s|2025,,full_24_anchor_stress_test_grid,stress-test grid; time horizon and weather-year selection rule are confounded; not a causal future-climate contrast,0.90000000000000002,0.20000000000000001,0.10000000000000001,20,26,23.25,23.25,4,1,0.5,1,10,33.5,0.85433300000000001,93.200000000000003,corrected,training_contract,accepted_denver,35040,16704,4176,15,0.25,1965070605991.9575,89274033962.289185,545852.94610887708,24798.342767302551,570651.28887617961,20.050167624521073,25.946405052681992,7967.0631945592531,perimeter_bot_zn_1,1861.9099402019815,perimeter_bot_zn_1,141.61195715317015,perimeter_bot_zn_1,0,core_bottom,0,core_bottom,16704,15233,15,0,1456,1070,2,14176,1456,15,0,1070,1456,941,5.6333812260536398,0,0,False,35040,16704,4176,15,0.25,1965070605991.9575,89274033962.289185,545852.94610887708,24798.342767302551,570651.28887617961,20.050167624521073,25.946405052681992,7967.0631945592531,perimeter_bot_zn_1,1861.9099402019815,perimeter_bot_zn_1,141.61195715317015,perimeter_bot_zn_1,0,core_bottom,0,core_bottom,16704,15233,15,0,1456,1070,2,14176,1456,15,0,1070,1456,941,5.6333812260536398,941,5.6333812260536398,True,0,0,0,0,0,0,0,0,0,0,0,0,0,0,0,0,0,0,0,0,0,0,941,5.6333812260536398,0
adaptive,rev01_adaptive24,REV01-A024-020,C1,rev01_adaptive_rm_clamp_10_33p5,paperb_adaptive_band_clamped_relax,paperb_adaptive_band_relax,SCALED-96-015,ahmedabad_ssp585_future_extreme,late_century_hot_extreme,Ahmedabad,ssp585,late_2080s,heatwave_extreme,2088,ahmedabad|ssp585|late_2080s|2088,,full_24_anchor_stress_test_grid,stress-test grid; time horizon and weather-year selection rule are confounded; not a causal future-climate contrast,0.90000000000000002,0.20000000000000001,0.10000000000000001,20,26,23.25,23.25,4,1,0.5,1,10,33.5,0.85433300000000001,93.200000000000003,corrected,training_contract,accepted_denver,35040,16704,4176,15,0.25,2144517206490.8823,89108166122.03743,595699.22402524506,24752.26836723262,620451.4923924777,20.049988026819925,25.949607878352491,10326.303800776846,perimeter_bot_zn_1,3377.1368751451505,perimeter_bot_zn_1,400.22996550440001,perimeter_bot_zn_1,0,core_bottom,0,core_bottom,16704,16334,3,0,367,1050,0,15287,367,3,0,1050,367,4486,26.855842911877392,0,0,False,35040,16704,4176,15,0.25,2144332796360.2559,89108148556.539246,595647.99898895994,24752.263487927568,620400.26247688755,20.048850574712645,25.950745330459771,10324.847195117994,perimeter_bot_zn_1,3376.6253563044788,perimeter_bot_zn_1,400.2332918332994,perimeter_bot_zn_1,0,core_bottom,0,core_bottom,16704,16335,3,0,366,1050,0,15288,366,3,0,1050,366,4486,26.855842911877392,4486,26.855842911877392,True,-51.225036285119131,-0.0048793050518725067,-51.2299155901419,-1.4566056588519132,-0.51151884067166975,0.0033263288993907736,0,0,-0.0011374521072795574,0.0011374521072795574,1,0,0,-1,0,0,1,-1,0,-1,0,0,4486,26.855842911877392,-0.0082568768418298036
adaptive,rev01_adaptive24,REV01-A024-011,C1,rev01_adaptive_rm_clamp_10_33p5,paperb_adaptive_band_clamped_relax,paperb_adaptive_band_relax,SCALED-96-011,ahmedabad_ssp585_present_typical,present_typical,Ahmedabad,ssp585,baseline_2020s,typical,2025,ahmedabad|ssp585|baseline_2020s|2025,,full_24_anchor_stress_test_grid,stress-test grid; time horizon and weather-year selection rule are confounded; not a causal future-climate contrast,0.90000000000000002,0.20000000000000001,0.10000000000000001,20,26,23.25,23.25,4,1,0.5,1,10,33.5,0.85433300000000001,93.200000000000003,corrected,training_contract,accepted_denver,35040,16704,4176,15,0.25,1953047213409.686,89360768370.291718,542513.11483602389,24822.435658414364,567335.55049443827,20.051155411877396,25.921904932950191,7964.4139054891366,perimeter_bot_zn_1,1996.4279823574143,perimeter_mid_zn_1,165.08664006827266,perimeter_mid_zn_1,0,core_bottom,0,core_bottom,16704,14836,60,0,1808,1136,14,13746,1808,60,0,1136,1808,830,4.9688697318007664,0,0,False,35040,16704,4176,15,0.25,1953047213409.686,89360768370.291718,542513.11483602389,24822.435658414364,567335.55049443827,20.051155411877396,25.921904932950191,7964.4139054891366,perimeter_bot_zn_1,1996.4279823574143,perimeter_mid_zn_1,165.08664006827266,perimeter_mid_zn_1,0,core_bottom,0,core_bottom,16704,14836,60,0,1808,1136,14,13746,1808,60,0,1136,1808,830,4.9688697318007664,830,4.9688697318007664,True,0,0,0,0,0,0,0,0,0,0,0,0,0,0,0,0,0,0,0,0,0,0,830,4.9688697318007664,0
adaptive,rev01_adaptive24,REV01-A024-019,C1,rev01_adaptive_rm_clamp_10_33p5,paperb_adaptive_band_clamped_relax,paperb_adaptive_band_relax,SCALED-96-023,beijing_ssp245_future_extreme,late_century_hot_extreme,Beijing,ssp245,late_2080s,heatwave_extreme,2084,beijing|ssp245|late_2080s|2084,,full_24_anchor_stress_test_grid,stress-test grid; time horizon and weather-year selection rule are confounded; not a causal future-climate contrast,0.90000000000000002,0.20000000000000001,0.10000000000000001,20,26,23.25,23.25,4,1,0.5,1,10,33.5,0.85433300000000001,93.200000000000003,corrected,training_contract,accepted_denver,35040,16704,4176,15,0.25,1564724350006.8848,231510732487.50562,434645.65277969022,64308.536802084891,498954.18958177511,20.189508635422278,25.070794554962507,3608.2092207821806,perimeter_mid_zn_1,863.3043743447804,perimeter_mid_zn_3,197.45366548159953,perimeter_mid_zn_1,9.6992728753190498,perimeter_bot_zn_1,0.21678068368474612,perimeter_top_zn_2,16704,7851,4143,0,4710,1965,2430,7599,4710,4143,0,1965,4710,6910,41.367337164750957,0,0,False,35040,16704,4176,15,0.25,1555335748792.6963,249451281470.27341,432037.70799797121,69292.022630631502,501329.73062860273,20.055557192513771,25.472149026804956,3857.8189103812829,perimeter_mid_zn_1,863.30437430430879,perimeter_mid_zn_3,197.45366547686228,perimeter_mid_zn_1,4.5356521086477368,perimeter_bot_zn_1,0.090204990456537182,perimeter_top_zn_2,16704,9920,1871,0,4913,1996,1290,8505,4913,1871,0,1996,4913,6910,41.367337164750957,6910,41.367337164750957,True,-2607.9447817190085,4983.4858285466107,2375.5410468276241,249.60968959910224,-4.0471604734193534e-08,-4.7372452627314487e-09,-5.163620766671313,-0.12657569322820894,-0.1339514429085078,0.4013544718424491,2069,-2272,0,203,31,-1140,906,203,31,203,0,0,6910,41.367337164750957,0.47610403849275418
adaptive,rev01_adaptive24,REV01-A024-010,C1,rev01_adaptive_rm_clamp_10_33p5,paperb_adaptive_band_clamped_relax,paperb_adaptive_band_relax,SCALED-96-019,beijing_ssp245_present_typical,present_typical,Beijing,ssp245,baseline_2020s,typical,2026,beijing|ssp245|baseline_2020s|2026,,full_24_anchor_stress_test_grid,stress-test grid; time horizon and weather-year selection rule are confounded; not a causal future-climate contrast,0.90000000000000002,0.20000000000000001,0.10000000000000001,20,26,23.25,23.25,4,1,0.5,1,10,33.5,0.85433300000000001,93.200000000000003,corrected,training_contract,accepted_denver,35040,16704,4176,15,0.25,1413261746818.959,316511948344.172,392572.70744971081,87919.985651158888,480492.69310086971,20.338362441665826,24.866439548945518,1716.1506006477393,perimeter_mid_zn_1,28.910640018680926,perimeter_mid_zn_3,0,core_bottom,82.316786550906912,perimeter_bot_zn_1,14.517277564927936,perimeter_bot_zn_1,16704,6848,5308,0,4548,2182,3154,6820,4548,5308,0,2182,4548,6576,39.367816091954019,0,0,False,35040,16704,4176,15,0.25,1390056935856.2266,344882929311.15497,386126.9266267296,95800.813697543053,481927.74032427266,20.067319204980844,25.520444204980844,1942.9987189050787,perimeter_mid_zn_1,28.910640018792353,perimeter_mid_zn_3,0,core_bottom,64.257843714641709,perimeter_bot_zn_1,9.5996840366444065,perimeter_bot_zn_1,16704,10608,1369,0,4727,1829,918,9230,4727,1369,0,1829,4727,6576,39.367816091954019,6576,39.367816091954019,True,-6445.7808229812072,7880.8280463841656,1435.0472234029439,226.84811825733937,1.1142731182189891e-10,0,-18.058942836265203,-4.917593528283529,-0.27104323668498154,0.65400465603532609,3760,-3939,0,179,-353,-2236,2410,179,-353,179,0,0,6576,39.367816091954019,0.29866161213437742
adaptive,rev01_adaptive24,REV01-A024-018,C1,rev01_adaptive_rm_clamp_10_33p5,paperb_adaptive_band_clamped_relax,paperb_adaptive_band_relax,SCALED-96-031,beijing_ssp585_future_extreme,late_century_hot_extreme,Beijing,ssp585,late_2080s,heatwave_extreme,2089,beijing|ssp585|late_2080s|2089,,full_24_anchor_stress_test_grid,stress-test grid; time horizon and weather-year selection rule are confounded; not a causal future-climate contrast,0.90000000000000002,0.20000000000000001,0.10000000000000001,20,26,23.25,23.25,4,1,0.5,1,10,33.5,0.85433300000000001,93.200000000000003,corrected,training_contract,accepted_denver,35040,16704,4176,15,0.25,1642789544280.4607,222934835934.66855,456330.42896679463,61926.34331518571,518256.77228198032,20.191872370197398,25.199774669047972,3972.6091963709714,perimeter_mid_zn_1,869.99870037397375,perimeter_mid_zn_3,141.33096028165502,perimeter_mid_zn_3,12.150864888660076,perimeter_bot_zn_1,0,core_bottom,16704,8718,3421,0,4565,1901,2131,8107,4565,3421,0,1901,4565,5936,35.536398467432953,0,0,False,35040,16704,4176,15,0.25,1634240681863.1113,239467847345.08972,453955.74496197538,66518.846484747148,520474.59144672251,20.062157291105425,25.566602334208874,4188.9087874876568,perimeter_mid_zn_1,869.99870037780022,perimeter_mid_zn_3,141.33096027569897,perimeter_mid_zn_3,5.7706150463331438,perimeter_bot_zn_1,0,core_bottom,16704,10701,1451,0,4552,1827,1005,9320,4552,1451,0,1827,4552,5936,35.536398467432953,5936,35.536398467432953,True,-2374.6840048192535,4592.503169561438,2217.8191647421918,216.29959111668541,3.8264715840341523e-09,-5.9560534282354638e-09,-6.3802498423269318,0,-0.129715079091973,0.36682766516090126,1983,-1970,0,-13,-74,-1126,1213,-13,-74,-13,0,0,5936,35.536398467432953,0.42793828915669047
adaptive,rev01_adaptive24,REV01-A024-009,C1,rev01_adaptive_rm_clamp_10_33p5,paperb_adaptive_band_clamped_relax,paperb_adaptive_band_relax,SCALED-96-027,beijing_ssp585_present_typical,present_typical,Beijing,ssp585,baseline_2020s,typical,2026,beijing|ssp585|baseline_2020s|2026,,full_24_anchor_stress_test_grid,stress-test grid; time horizon and weather-year selection rule are confounded; not a causal future-climate contrast,0.90000000000000002,0.20000000000000001,0.10000000000000001,20,26,23.25,23.25,4,1,0.5,1,10,33.5,0.85433300000000001,93.200000000000003,corrected,training_contract,accepted_denver,35040,16704,4176,15,0.25,1420625592062.5215,333284966893.72589,394618.2200173671,92579.157470479418,487197.37748784653,20.385658932828356,24.848302610989276,1837.6203690653801,perimeter_top_zn_4,5.5313132726809764,perimeter_top_zn_4,0,core_bottom,103.79178857465205,perimeter_bot_zn_1,23.698845995133322,perimeter_bot_zn_1,16704,6549,5644,0,4511,2201,3583,6409,4511,5644,0,2201,4511,7026,42.061781609195407,0,0,False,35040,16704,4176,15,0.25,1395316424589.3992,362482434398.54309,387587.89571927756,100689.56511070642,488277.46082998399,20.074039853852369,25.560435327990302,2062.2400646959918,perimeter_mid_zn_1,5.5313132726613645,perimeter_top_zn_4,0,core_bottom,85.041007367014345,perimeter_bot_zn_1,19.796765096907389,perimeter_bot_zn_1,16704,10461,1380,13,4850,1742,958,9154,4850,1380,13,1742,4850,7026,42.061781609195407,7026,42.061781609195407,True,-7030.3242980895448,8110.4076402270002,1080.0833421374555,224.61969563061166,-1.9611867685398465e-11,0,-18.750781207637701,-3.9020808982259325,-0.31161907897598695,0.71213271700102609,3912,-4264,13,339,-459,-2625,2745,339,-459,339,0,0,7026,42.061781609195407,0.22169317653283116
adaptive,rev01_adaptive24,REV01-A024-023,C1,rev01_adaptive_rm_clamp_10_33p5,paperb_adaptive_band_clamped_relax,paperb_adaptive_band_relax,SCALED-96-039,guangzhou_ssp245_future_extreme,late_century_hot_extreme,Guangzhou,ssp245,late_2080s,heatwave_extreme,2088,guangzhou|ssp245|late_2080s|2088,,full_24_anchor_stress_test_grid,stress-test grid; time horizon and weather-year selection rule are confounded; not a causal future-climate contrast,0.90000000000000002,0.20000000000000001,0.10000000000000001,20,26,23.25,23.25,4,1,0.5,1,10,33.5,0.85433300000000001,93.200000000000003,corrected,training_contract,accepted_denver,35040,16704,4176,15,0.25,1924851674088.5725,100356140159.41161,534681.02058015903,27876.705599836558,562557.72617999557,20.05745629789272,25.775906968390803,6806.1002058817967,perimeter_mid_zn_1,1658.9897320312675,perimeter_mid_zn_1,118.70366785991924,perimeter_mid_zn_1,0,core_bottom,0,core_bottom,16704,12572,387,0,3745,1366,215,11378,3745,387,0,1366,3745,0,0,0,0,False,35040,16704,4176,15,0.25,1924851674088.5725,100356140159.41161,534681.02058015903,27876.705599836558,562557.72617999557,20.05745629789272,25.775906968390803,6806.1002058817967,perimeter_mid_zn_1,1658.9897320312675,perimeter_mid_zn_1,118.70366785991924,perimeter_mid_zn_1,0,core_bottom,0,core_bottom,16704,12572,387,0,3745,1366,215,11378,3745,387,0,1366,3745,0,0,0,0,True,0,0,0,0,0,0,0,0,0,0,0,0,0,0,0,0,0,0,0,0,0,0,0,0,0
adaptive,rev01_adaptive24,REV01-A024-008,C1,rev01_adaptive_rm_clamp_10_33p5,paperb_adaptive_band_clamped_relax,paperb_adaptive_band_relax,SCALED-96-035,guangzhou_ssp245_present_typical,present_typical,Guangzhou,ssp245,baseline_2020s,typical,2025,guangzhou|ssp245|baseline_2020s|2025,,full_24_anchor_stress_test_grid,stress-test grid; time horizon and weather-year selection rule are confounded; not a causal future-climate contrast,0.90000000000000002,0.20000000000000001,0.10000000000000001,20,26,23.25,23.25,4,1,0.5,1,10,33.5,0.85433300000000001,93.200000000000003,corrected,training_contract,accepted_denver,35040,16704,4176,15,0.25,1773099547435.3342,97695027991.152084,492527.65206537064,27137.507775320024,519665.15984069067,20.058084889846743,25.818067528735632,5106.4354087675774,perimeter_mid_zn_1,744.22855227501725,perimeter_bot_zn_1,23.347818206168053,perimeter_mid_zn_1,0,core_bottom,0,core_bottom,16704,12295,285,0,4124,1289,160,11131,4124,285,0,1289,4124,0,0,0,0,False,35040,16704,4176,15,0.25,1773099547435.3342,97695027991.152084,492527.65206537064,27137.507775320024,519665.15984069067,20.058084889846743,25.818067528735632,5106.4354087675774,perimeter_mid_zn_1,744.22855227501725,perimeter_bot_zn_1,23.347818206168053,perimeter_mid_zn_1,0,core_bottom,0,core_bottom,16704,12295,285,0,4124,1289,160,11131,4124,285,0,1289,4124,0,0,0,0,True,0,0,0,0,0,0,0,0,0,0,0,0,0,0,0,0,0,0,0,0,0,0,0,0,0
adaptive,rev01_adaptive24,REV01-A024-017,C1,rev01_adaptive_rm_clamp_10_33p5,paperb_adaptive_band_clamped_relax,paperb_adaptive_band_relax,SCALED-96-047,guangzhou_ssp585_future_extreme,late_century_hot_extreme,Guangzhou,ssp585,late_2080s,heatwave_extreme,2086,guangzhou|ssp585|late_2080s|2086,,full_24_anchor_stress_test_grid,stress-test grid; time horizon and weather-year selection rule are confounded; not a causal future-climate contrast,0.90000000000000002,0.20000000000000001,0.10000000000000001,20,26,23.25,23.25,4,1,0.5,1,10,33.5,0.85433300000000001,93.200000000000003,corrected,training_contract,accepted_denver,35040,16704,4176,15,0.25,2106867729856.3499,98598270119.735489,585241.03607120831,27388.40836659319,612629.44443780149,20.053101053639846,25.831986350574713,9560.9594210078449,perimeter_mid_zn_1,3617.0115479238248,perimeter_bot_zn_1,792.11608945238333,perimeter_bot_zn_1,0,core_bottom,0,core_bottom,16704,13961,311,0,2432,1250,191,12831,2432,311,0,1250,2432,3020,18.079501915708811,0,0,False,35040,16704,4176,15,0.25,2106854380101.2205,98636511533.178986,585237.32780589454,27399.030981438606,612636.35878733313,20.053101053639846,25.832091115900383,9560.9805618329901,perimeter_mid_zn_1,3617.0115479454112,perimeter_bot_zn_1,792.11608944730142,perimeter_bot_zn_1,0,core_bottom,0,core_bottom,16704,13860,309,0,2535,1249,189,12731,2535,309,0,1249,2535,3020,18.079501915708811,3020,18.079501915708811,True,-3.7082653137622401,10.622614845415228,6.914349531638436,0.021140825145266717,2.1586401999229565e-08,-5.0819153329939581e-09,0,0,0,0.0001047653256698311,-101,-2,0,103,-1,-2,-100,103,-1,103,0,0,3020,18.079501915708811,0.0011286348696451579
adaptive,rev01_adaptive24,REV01-A024-012,C1,rev01_adaptive_rm_clamp_10_33p5,paperb_adaptive_band_clamped_relax,paperb_adaptive_band_relax,SCALED-96-043,guangzhou_ssp585_present_typical,present_typical,Guangzhou,ssp585,baseline_2020s,typical,2025,guangzhou|ssp585|baseline_2020s|2025,,full_24_anchor_stress_test_grid,stress-test grid; time horizon and weather-year selection rule are confounded; not a causal future-climate contrast,0.90000000000000002,0.20000000000000001,0.10000000000000001,20,26,23.25,23.25,4,1,0.5,1,10,33.5,0.85433300000000001,93.200000000000003,corrected,training_contract,accepted_denver,35040,16704,4176,15,0.25,1768150062565.9341,105548645944.64404,491152.79515720392,29319.06831795668,520471.86347516062,20.053594947318008,25.758201628352491,4791.4056331698639,perimeter_mid_zn_1,657.31872304859519,perimeter_mid_zn_1,9.9335149819201387,perimeter_mid_zn_1,0,core_bottom,0,core_bottom,16704,11890,493,0,4321,1396,275,10712,4321,493,0,1396,4321,536,3.2088122605363987,0,0,False,35040,16704,4176,15,0.25,1768119440405.155,105791224703.64261,491144.28900143196,29386.451306567393,520530.74030799937,20.053505148467433,25.772195282567051,4794.5364749591363,perimeter_mid_zn_1,657.31872302775753,perimeter_mid_zn_1,9.9335149829688234,perimeter_mid_zn_1,0,core_bottom,0,core_bottom,16704,11955,428,0,4321,1383,239,10761,4321,428,0,1383,4321,536,3.2088122605363987,536,3.2088122605363987,True,-8.5061557719600387,67.382988610712346,58.876832838752307,3.130841789272381,-2.0837660485995002e-08,1.0486846946378137e-09,0,0,-8.9798850574140943e-05,0.013993654214559115,65,-65,0,0,-13,-36,49,0,-13,0,0,0,536,3.2088122605363987,0.011312202824113313
adaptive,rev01_adaptive24,REV01-A024-016,C1,rev01_adaptive_rm_clamp_10_33p5,paperb_adaptive_band_clamped_relax,paperb_adaptive_band_relax,SCALED-96-055,houston_ssp245_future_extreme,late_century_hot_extreme,Houston,ssp245,late_2080s,heatwave_extreme,2081,houston|ssp245|late_2080s|2081,,full_24_anchor_stress_test_grid,stress-test grid; time horizon and weather-year selection rule are confounded; not a causal future-climate contrast,0.90000000000000002,0.20000000000000001,0.10000000000000001,20,26,23.25,23.25,4,1,0.5,1,10,33.5,0.85433300000000001,93.200000000000003,corrected,training_contract,accepted_denver,35040,16704,4176,15,0.25,1797511252366.5647,120564570948.66354,499308.68121293467,33490.158596850983,532798.8398097856,20.05756106321839,25.660560344827587,5141.490343485023,perimeter_mid_zn_1,981.04206089357581,perimeter_mid_zn_1,81.150055397341731,perimeter_mid_zn_2,0,core_bottom,0,core_bottom,16704,10967,860,0,4877,1602,558,9667,4877,860,0,1602,4877,604,3.6159003831417627,0,0,False,35040,16704,4176,15,0.25,1797417406436.5645,120915141212.40562,499282.61289904569,33587.539225668232,532870.15212471387,20.060748922413794,25.66843271072797,5144.9343417948849,perimeter_mid_zn_1,981.04206089232162,perimeter_mid_zn_1,81.150055397161267,perimeter_mid_zn_2,0,core_bottom,0,core_bottom,16704,10999,833,0,4872,1592,544,9696,4872,833,0,1592,4872,604,3.6159003831417627,604,3.6159003831417627,True,-26.068313888972625,97.380628817249089,71.312314928276464,3.4439983098618541,-1.254193193744868e-09,-1.8046364402835025e-10,0,0,0.0031878591954033197,0.0078723659003827606,32,-27,0,-5,-10,-14,29,-5,-10,-5,0,0,604,3.6159003831417627,0.013384472637691115
adaptive,rev01_adaptive24,REV01-A024-006,C1,rev01_adaptive_rm_clamp_10_33p5,paperb_adaptive_band_clamped_relax,paperb_adaptive_band_relax,SCALED-96-051,houston_ssp245_present_typical,present_typical,Houston,ssp245,baseline_2020s,typical,2027,houston|ssp245|baseline_2020s|2027,,full_24_anchor_stress_test_grid,stress-test grid; time horizon and weather-year selection rule are confounded; not a causal future-climate contrast,0.90000000000000002,0.20000000000000001,0.10000000000000001,20,26,23.25,23.25,4,1,0.5,1,10,33.5,0.85433300000000001,93.200000000000003,corrected,training_contract,accepted_denver,35040,16704,4176,15,0.25,1715460707865.5911,105382592544.68285,476516.86329599749,29272.942373523012,505789.80566952052,20.058788314176244,25.73447976532567,4122.6145240962596,perimeter_mid_zn_1,320.17068685386408,perimeter_mid_zn_1,17.10877025284335,perimeter_mid_zn_2,0,core_bottom,0,core_bottom,16704,11530,528,0,4646,1446,321,10291,4646,528,0,1446,4646,89,0.53280651340996166,0,0,False,35040,16704,4176,15,0.25,1715459743826.5854,105382994755.92741,476516.59550738486,29273.054098868724,505789.6496062536,20.058788314176244,25.734629430076627,4122.7849438919266,perimeter_mid_zn_1,320.17068685386408,perimeter_mid_zn_1,17.10877025284335,perimeter_mid_zn_2,0,core_bottom,0,core_bottom,16704,11531,528,0,4645,1446,321,10292,4645,528,0,1446,4645,89,0.53280651340996166,89,0.53280651340996166,True,-0.26778861263301224,0.11172534571232973,-0.15606326691340655,0.17041979566693044,0,0,0,0,0,0.00014966475095690157,1,0,0,-1,0,0,1,-1,0,-1,0,0,89,0.53280651340996166,-3.0855360302650544e-05
adaptive,rev01_adaptive24,REV01-A024-015,C1,rev01_adaptive_rm_clamp_10_33p5,paperb_adaptive_band_clamped_relax,paperb_adaptive_band_relax,SCALED-96-063,houston_ssp585_future_extreme,late_century_hot_extreme,Houston,ssp585,late_2080s,heatwave_extreme,2086,houston|ssp585|late_2080s|2086,,full_24_anchor_stress_test_grid,stress-test grid; time horizon and weather-year selection rule are confounded; not a causal future-climate contrast,0.90000000000000002,0.20000000000000001,0.10000000000000001,20,26,23.25,23.25,4,1,0.5,1,10,33.5,0.85433300000000001,93.200000000000003,corrected,training_contract,accepted_denver,35040,16704,4176,15,0.25,1892461378568.1104,103966528008.57338,525683.71626891952,28879.591113492606,554563.30738241214,20.053250718390803,25.719348659003831,6230.3626321583961,perimeter_mid_zn_1,1532.3592082652647,perimeter_mid_zn_1,179.75027531458034,perimeter_bot_zn_1,0,core_bottom,0,core_bottom,16704,11534,539,0,4631,1466,320,10287,4631,539,0,1466,4631,0,0,0,0,False,35040,16704,4176,15,0.25,1892461378568.1104,103966528008.57338,525683.71626891952,28879.591113492606,554563.30738241214,20.053250718390803,25.719348659003831,6230.3626321583961,perimeter_mid_zn_1,1532.3592082652647,perimeter_mid_zn_1,179.75027531458034,perimeter_bot_zn_1,0,core_bottom,0,core_bottom,16704,11534,539,0,4631,1466,320,10287,4631,539,0,1466,4631,0,0,0,0,True,0,0,0,0,0,0,0,0,0,0,0,0,0,0,0,0,0,0,0,0,0,0,0,0,0
adaptive,rev01_adaptive24,REV01-A024-005,C1,rev01_adaptive_rm_clamp_10_33p5,paperb_adaptive_band_clamped_relax,paperb_adaptive_band_relax,SCALED-96-059,houston_ssp585_present_typical,present_typical,Houston,ssp585,baseline_2020s,typical,2025,houston|ssp585|baseline_2020s|2025,,full_24_anchor_stress_test_grid,stress-test grid; time horizon and weather-year selection rule are confounded; not a causal future-climate contrast,0.90000000000000002,0.20000000000000001,0.10000000000000001,20,26,23.25,23.25,4,1,0.5,1,10,33.5,0.85433300000000001,93.200000000000003,corrected,training_contract,accepted_denver,35040,16704,4176,15,0.25,1739966245294.2036,124525557336.95552,483323.95702616766,34590.432593598758,517914.38961976639,20.059537573335728,25.590503210308906,4422.806872498636,perimeter_mid_zn_1,682.21489621596197,perimeter_mid_zn_1,46.372410451868298,perimeter_mid_zn_2,2.53841379277927,perimeter_bot_zn_1,0,core_bottom,16704,10588,1192,0,4924,1678,757,9345,4924,1192,0,1678,4924,1170,7.0043103448275854,0,0,False,35040,16704,4176,15,0.25,1739743058225.4883,125687936226.45393,483261.96061819117,34913.315618459426,518175.27623665059,20.054986829501917,25.619193007662837,4431.5369292134565,perimeter_mid_zn_1,682.2030376358839,perimeter_mid_zn_1,46.372410451909403,perimeter_mid_zn_2,2.1106775287096751,perimeter_bot_zn_1,0,core_bottom,16704,10714,1042,0,4948,1676,686,9394,4948,1042,0,1676,4948,1170,7.0043103448275854,1170,7.0043103448275854,True,-61.996407976490445,322.88302486066823,260.88661688420689,8.7300567148204209,-0.011858580078069281,4.1104897263721796e-11,-0.42773626406959497,0,-0.0045507438338105999,0.028689797353930402,126,-150,0,24,-2,-71,49,24,-2,24,0,0,1170,7.0043103448275854,0.050372536873466711
adaptive,rev01_adaptive24,REV01-A024-014,C1,rev01_adaptive_rm_clamp_10_33p5,paperb_adaptive_band_clamped_relax,paperb_adaptive_band_relax,SCALED-96-071,kolkata_ssp245_future_extreme,late_century_hot_extreme,Kolkata,ssp245,late_2080s,heatwave_extreme,2086,kolkata|ssp245|late_2080s|2086,,full_24_anchor_stress_test_grid,stress-test grid; time horizon and weather-year selection rule are confounded; not a causal future-climate contrast,0.90000000000000002,0.20000000000000001,0.10000000000000001,20,26,23.25,23.25,4,1,0.5,1,10,33.5,0.85433300000000001,93.200000000000003,corrected,training_contract,accepted_denver,35040,16704,4176,15,0.25,2102255734581.5557,89144145920.756271,583959.92627265432,24762.262755765631,608722.1890284199,20.051649305555557,25.927068366858236,8734.9145047707334,perimeter_mid_zn_1,2573.4244740985068,perimeter_mid_zn_1,344.2413186585498,perimeter_mid_zn_1,0,core_bottom,0,core_bottom,16704,14443,49,0,2212,1116,13,13363,2212,49,0,1116,2212,890,5.3280651340996164,0,0,False,35040,16704,4176,15,0.25,2102255734581.5557,89144145920.756271,583959.92627265432,24762.262755765631,608722.1890284199,20.051649305555557,25.923147150383141,8734.9145047707334,perimeter_mid_zn_1,2573.4244740985068,perimeter_mid_zn_1,344.2413186585498,perimeter_mid_zn_1,0,core_bottom,0,core_bottom,16704,14402,70,0,2232,1126,29,13317,2232,70,0,1126,2232,890,5.3280651340996164,890,5.3280651340996164,True,0,0,0,0,0,0,0,0,0,-0.0039212164750956902,-41,21,0,20,10,16,-46,20,10,20,0,0,890,5.3280651340996164,0
adaptive,rev01_adaptive24,REV01-A024-004,C1,rev01_adaptive_rm_clamp_10_33p5,paperb_adaptive_band_clamped_relax,paperb_adaptive_band_relax,SCALED-96-067,kolkata_ssp245_present_typical,present_typical,Kolkata,ssp245,baseline_2020s,typical,2026,kolkata|ssp245|baseline_2020s|2026,,full_24_anchor_stress_test_grid,stress-test grid; time horizon and weather-year selection rule are confounded; not a causal future-climate contrast,0.90000000000000002,0.20000000000000001,0.10000000000000001,20,26,23.25,23.25,4,1,0.5,1,10,33.5,0.85433300000000001,93.200000000000003,corrected,training_contract,accepted_denver,35040,16704,4176,15,0.25,1958230482808.4819,90074543773.817596,543952.91189124493,25020.706603838222,568973.61849508318,20.053729645593869,25.877948395593869,6693.5833963811119,perimeter_mid_zn_1,1237.3446171821624,perimeter_mid_zn_1,47.211178177395944,perimeter_mid_zn_1,0,core_bottom,0,core_bottom,16704,13463,114,0,3127,1200,36,12341,3127,114,0,1200,3127,39,0.2334770114942529,0,0,False,35040,16704,4176,15,0.25,1958230482808.4819,90074543773.817596,543952.91189124493,25020.706603838222,568973.61849508318,20.053729645593869,25.877948395593869,6693.5833963811119,perimeter_mid_zn_1,1237.3446171821624,perimeter_mid_zn_1,47.211178177395944,perimeter_mid_zn_1,0,core_bottom,0,core_bottom,16704,13463,114,0,3127,1200,36,12341,3127,114,0,1200,3127,39,0.2334770114942529,39,0.2334770114942529,True,0,0,0,0,0,0,0,0,0,0,0,0,0,0,0,0,0,0,0,0,0,0,39,0.2334770114942529,0
adaptive,rev01_adaptive24,REV01-A024-013,C1,rev01_adaptive_rm_clamp_10_33p5,paperb_adaptive_band_clamped_relax,paperb_adaptive_band_relax,SCALED-96-079,kolkata_ssp585_future_extreme,late_century_hot_extreme,Kolkata,ssp585,late_2080s,heatwave_extreme,2080,kolkata|ssp585|late_2080s|2080,,full_24_anchor_stress_test_grid,stress-test grid; time horizon and weather-year selection rule are confounded; not a causal future-climate contrast,0.90000000000000002,0.20000000000000001,0.10000000000000001,20,26,23.25,23.25,4,1,0.5,1,10,33.5,0.85433300000000001,93.200000000000003,corrected,training_contract,accepted_denver,35040,16704,4176,15,0.25,2274903581520.7988,89033743632.177979,631917.66153355525,24731.595453382772,656649.25698693807,20.049688697318008,25.944579142720308,11019.117952644676,perimeter_mid_zn_1,4201.9456607438342,perimeter_mid_zn_1,884.3956052168927,perimeter_mid_zn_1,0,core_bottom,0,core_bottom,16704,15644,16,0,1044,1070,3,14587,1044,16,0,1070,1044,3129,18.732040229885058,0,0,False,35040,16704,4176,15,0.25,2274903581520.7988,89033743632.177979,631917.66153355525,24731.595453382772,656649.25698693807,20.049688697318008,25.94427981321839,11019.117952644676,perimeter_mid_zn_1,4201.9456607438342,perimeter_mid_zn_1,884.3956052168927,perimeter_mid_zn_1,0,core_bottom,0,core_bottom,16704,15418,19,0,1267,1072,5,14360,1267,19,0,1072,1267,3129,18.732040229885058,3129,18.732040229885058,True,0,0,0,0,0,0,0,0,0,-0.00029932950191735586,-226,3,0,223,2,2,-227,223,2,223,0,0,3129,18.732040229885058,0
adaptive,rev01_adaptive24,REV01-A024-003,C1,rev01_adaptive_rm_clamp_10_33p5,paperb_adaptive_band_clamped_relax,paperb_adaptive_band_relax,SCALED-96-075,kolkata_ssp585_present_typical,present_typical,Kolkata,ssp585,baseline_2020s,typical,2029,kolkata|ssp585|baseline_2020s|2029,,full_24_anchor_stress_test_grid,stress-test grid; time horizon and weather-year selection rule are confounded; not a causal future-climate contrast,0.90000000000000002,0.20000000000000001,0.10000000000000001,20,26,23.25,23.25,4,1,0.5,1,10,33.5,0.85433300000000001,93.200000000000003,corrected,training_contract,accepted_denver,35040,16704,4176,15,0.25,1895994896790.1057,90562654566.724365,526665.24910836271,25156.292935201214,551821.54204356391,20.056393678160919,25.832749640804597,5761.8942514356986,perimeter_mid_zn_1,756.03383641792811,perimeter_mid_zn_1,11.530222197733565,perimeter_mid_zn_1,0,core_bottom,0,core_bottom,16704,13622,202,0,2880,1265,91,12468,2880,202,0,1265,2880,0,0,0,0,False,35040,16704,4176,15,0.25,1895994896790.1057,90562654566.724365,526665.24910836271,25156.292935201214,551821.54204356391,20.056393678160919,25.832749640804597,5761.8942514356986,perimeter_mid_zn_1,756.03383641792811,perimeter_mid_zn_1,11.530222197733565,perimeter_mid_zn_1,0,core_bottom,0,core_bottom,16704,13622,202,0,2880,1265,91,12468,2880,202,0,1265,2880,0,0,0,0,True,0,0,0,0,0,0,0,0,0,0,0,0,0,0,0,0,0,0,0,0,0,0,0,0,0
adaptive,rev01_adaptive24,REV01-A024-022,C1,rev01_adaptive_rm_clamp_10_33p5,paperb_adaptive_band_clamped_relax,paperb_adaptive_band_relax,SCALED-96-087,phoenix_ssp245_future_extreme,late_century_hot_extreme,Phoenix,ssp245,late_2080s,heatwave_extreme,2086,phoenix|ssp245|late_2080s|2086,,full_24_anchor_stress_test_grid,stress-test grid; time horizon and weather-year selection rule are confounded; not a causal future-climate contrast,0.90000000000000002,0.20000000000000001,0.10000000000000001,20,26,23.25,23.25,4,1,0.5,1,10,33.5,0.85433300000000001,93.200000000000003,corrected,training_contract,accepted_denver,35040,16704,4176,15,0.25,1885723798718.3274,98278695921.42009,523812.16631064651,27299.637755950025,551111.80406659655,20.078289631226053,25.654379190613028,6876.9858209415743,perimeter_bot_zn_1,1543.011323416913,perimeter_bot_zn_1,281.63361359034394,perimeter_bot_zn_1,0,core_bottom,0,core_bottom,16704,12173,818,1,3712,1601,511,10880,3712,818,1,1601,3712,5369,32.142001915708811,0,0,False,35040,16704,4176,15,0.25,1882605401193.5903,98286488539.007965,522945.94477599731,27301.802371946658,550247.74714794394,20.054941930076627,25.676798970306514,6913.3442723537892,perimeter_bot_zn_1,1555.6451208770618,perimeter_bot_zn_1,284.68831864081568,perimeter_bot_zn_1,0,core_bottom,0,core_bottom,16704,12583,818,0,3303,1599,511,11291,3303,818,0,1599,3303,5369,32.142001915708811,5369,32.142001915708811,True,-866.2215346492012,2.1646159966330742,-864.05691865261178,36.35845141221489,12.633797460148799,3.054705050471739,0,0,-0.023347701149425859,0.022419779693485964,410,0,-1,-409,-2,0,411,-409,-2,-409,0,0,5369,32.142001915708811,-0.15678432439240564
adaptive,rev01_adaptive24,REV01-A024-002,C1,rev01_adaptive_rm_clamp_10_33p5,paperb_adaptive_band_clamped_relax,paperb_adaptive_band_relax,SCALED-96-083,phoenix_ssp245_present_typical,present_typical,Phoenix,ssp245,baseline_2020s,typical,2026,phoenix|ssp245|baseline_2020s|2026,,full_24_anchor_stress_test_grid,stress-test grid; time horizon and weather-year selection rule are confounded; not a causal future-climate contrast,0.90000000000000002,0.20000000000000001,0.10000000000000001,20,26,23.25,23.25,4,1,0.5,1,10,33.5,0.85433300000000001,93.200000000000003,corrected,training_contract,accepted_denver,35040,16704,4176,15,0.25,1719390242877.0837,105144451577.27257,477608.40079918993,29206.792104797936,506815.19290398789,20.065777658045977,25.56871108716475,5478.9653938867241,perimeter_mid_zn_1,742.44141313190289,perimeter_mid_zn_1,26.823009175071636,perimeter_bot_zn_1,0,core_bottom,0,core_bottom,16704,11481,1316,0,3907,1694,833,10270,3907,1316,0,1694,3907,2671,15.990181992337165,0,0,False,35040,16704,4176,15,0.25,1719351732681.7881,105148556818.56648,477597.70352271892,29207.932449601802,506805.63597232074,20.065178999042146,25.569309746168582,5481.5152871994451,perimeter_mid_zn_1,742.4544157037102,perimeter_mid_zn_1,26.823009178568704,perimeter_bot_zn_1,0,core_bottom,0,core_bottom,16704,11491,1316,0,3897,1694,833,10280,3897,1316,0,1694,3897,2671,15.990181992337165,2671,15.990181992337165,True,-10.697276471008081,1.140344803865446,-9.556931667146273,2.5498933127209966,0.013002571807305685,3.4970675244494487e-09,0,0,-0.000598659003831159,0.000598659003831159,10,0,0,-10,0,0,10,-10,0,-10,0,0,2671,15.990181992337165,-0.0018856837365877383
adaptive,rev01_adaptive24,REV01-A024-024,C1,rev01_adaptive_rm_clamp_10_33p5,paperb_adaptive_band_clamped_relax,paperb_adaptive_band_relax,SCALED-96-095,phoenix_ssp585_future_extreme,late_century_hot_extreme,Phoenix,ssp585,late_2080s,heatwave_extreme,2085,phoenix|ssp585|late_2080s|2085,,full_24_anchor_stress_test_grid,stress-test grid; time horizon and weather-year selection rule are confounded; not a causal future-climate contrast,0.90000000000000002,0.20000000000000001,0.10000000000000001,20,26,23.25,23.25,4,1,0.5,1,10,33.5,0.85433300000000001,93.200000000000003,corrected,training_contract,accepted_denver,35040,16704,4176,15,0.25,1968403826079.228,91892248146.195038,546778.84057756339,25525.624485054177,572304.46506261756,20.140146072796934,25.734554597701148,7705.1026667831648,perimeter_bot_zn_1,2180.3468843420728,perimeter_bot_zn_1,438.94142710685065,perimeter_bot_zn_1,0,core_bottom,0,core_bottom,16704,10742,230,36,5696,1383,95,9530,5696,230,36,1383,5696,6449,38.60751915708812,0,0,False,35040,16704,4176,15,0.25,1959672849034.9265,91891009737.998978,544353.56917636853,25525.280482777493,569878.84965914604,20.051873802681992,25.812559865900383,7729.5101453446923,perimeter_bot_zn_1,2184.7706444293303,perimeter_bot_zn_1,442.06717676325206,perimeter_bot_zn_1,0,core_bottom,0,core_bottom,16704,12254,230,0,4220,1361,70,11053,4220,230,0,1361,4220,6449,38.60751915708812,6449,38.60751915708812,True,-2425.2714011948556,-0.34400227668447769,-2425.6154034715146,24.407478561527569,4.4237600872575058,3.1257496564014104,0,0,-0.088272270114941875,0.078005268199234479,1512,0,-36,-1476,-22,-25,1523,-1476,-22,-1476,0,0,6449,38.60751915708812,-0.42383303845202758
adaptive,rev01_adaptive24,REV01-A024-007,C1,rev01_adaptive_rm_clamp_10_33p5,paperb_adaptive_band_clamped_relax,paperb_adaptive_band_relax,SCALED-96-091,phoenix_ssp585_present_typical,present_typical,Phoenix,ssp585,baseline_2020s,typical,2029,phoenix|ssp585|baseline_2020s|2029,,full_24_anchor_stress_test_grid,stress-test grid; time horizon and weather-year selection rule are confounded; not a causal future-climate contrast,0.90000000000000002,0.20000000000000001,0.10000000000000001,20,26,23.25,23.25,4,1,0.5,1,10,33.5,0.85433300000000001,93.200000000000003,corrected,training_contract,accepted_denver,35040,16704,4176,15,0.25,1750436671533.0618,103664142426.44199,486232.40875918383,28795.595118456109,515028.00387763995,20.058309386973178,25.611275742337163,5633.7040491992275,perimeter_mid_zn_1,951.30372388775356,perimeter_bot_zn_1,76.620416832470767,perimeter_bot_zn_1,0,core_bottom,0,core_bottom,16704,11801,1085,0,3818,1712,714,10460,3818,1085,0,1712,3818,4476,26.795977011494255,0,0,False,35040,16704,4176,15,0.25,1749489104671.8237,103663896489.66286,485969.19574217324,28795.526802684126,514764.72254485736,20.051963601532567,25.617621527777779,5655.7979373429307,perimeter_mid_zn_1,955.04718643091746,perimeter_bot_zn_1,77.045291319500933,perimeter_bot_zn_1,0,core_bottom,0,core_bottom,16704,11925,1085,0,3694,1712,714,10584,3694,1085,0,1712,3694,4476,26.795977011494255,4476,26.795977011494255,True,-263.21301701059565,-0.068315771983179729,-263.28133278258611,22.093888143703225,3.7434625431639006,0.42487448703016639,0,0,-0.0063457854406117065,0.0063457854406152592,124,0,0,-124,0,0,124,-124,0,-124,0,0,4476,26.795977011494255,-0.051119809175490256
core,rev01_core64,REV01-C064-021,M1,rev01_p90_abs_pmv_relax,paperb_p90_abs_pmv_relax,paperb_pmv_relax,SCALED-96-006,ahmedabad_ssp245_future_extreme,late_century_hot_extreme,Ahmedabad,ssp245,late_2080s,heatwave_extreme,2081,ahmedabad|ssp245|late_2080s|2081,,full_24_anchor_stress_test_grid,stress-test grid; time horizon and weather-year selection rule are confounded; not a causal future-climate contrast,0.90000000000000002,0.20000000000000001,0.10000000000000001,20,26,23.25,23.25,4,1,0.5,1,10,33.5,0.85433300000000001,93.200000000000003,corrected,training_contract,accepted_denver,35040,16704,4176,15,0.25,2060690640436.6365,89313791126.137878,572414.06678795454,24809.38642392719,597223.45321188169,20.179238363244068,25.644505014821487,8894.0170344745184,perimeter_bot_zn_1,2356.3380390341745,perimeter_bot_zn_1,186.51028785901863,perimeter_mid_zn_1,0,core_bottom,0,core_bottom,16704,13946,2055,703,0,2176,1691,12837,0,2055,703,2176,0,2614,15.648946360153257,0,0,False,35040,16704,4176,15,0.25,2121037124865.3669,89437451485.074066,589176.97912926855,24843.736523631684,614020.71565290028,21.028667539472323,24.857424058219937,8188.7072029640058,perimeter_bot_zn_1,2109.8895354478045,perimeter_bot_zn_1,163.36324962514686,perimeter_bot_zn_1,0,core_bottom,0,core_bottom,16704,5929,6056,4719,0,3996,7397,5311,0,6056,4719,3996,0,2614,15.648946360153257,0,0,True,16762.912341314019,34.350099704493914,16797.262441018596,-705.30983151051259,-246.44850358636995,-23.147038233871768,0,0,0.84942917622825576,-0.78708095660154953,-8017,4001,4016,0,1820,5706,-7526,0,1820,0,0,0,0,0,2.8125590766207398
core,rev01_core64,REV01-C064-001,M1,rev01_p90_abs_pmv_relax,paperb_p90_abs_pmv_relax,paperb_pmv_relax,SCALED-96-002,ahmedabad_ssp245_present_typical,present_typical,Ahmedabad,ssp245,baseline_2020s,typical,2025,ahmedabad|ssp245|baseline_2020s|2025,,full_24_anchor_stress_test_grid,stress-test grid; time horizon and weather-year selection rule are confounded; not a causal future-climate contrast,0.90000000000000002,0.20000000000000001,0.10000000000000001,20,26,23.25,23.25,4,1,0.5,1,10,33.5,0.85433300000000001,93.200000000000003,corrected,training_contract,accepted_denver,35040,16704,4176,15,0.25,1965679449209.8086,89155243538.667191,546022.06922494678,24765.345427407552,570787.41465235432,20.199280055546669,25.754241782586693,7805.7084196955329,perimeter_bot_zn_1,1817.7942748875798,perimeter_bot_zn_1,142.30370658339862,perimeter_bot_zn_1,0,core_bottom,0,core_bottom,16704,14645,1171,888,0,1992,1433,13279,0,1171,888,1992,0,941,5.6333812260536398,0,0,False,35040,16704,4176,15,0.25,2018979177665.7271,89236110900.022522,560827.5493515908,24787.808583339589,585615.35793493036,21.060537119021362,25.055132065696277,7066.8641799833822,perimeter_bot_zn_1,1574.3744922646974,perimeter_bot_zn_1,115.82334847223463,perimeter_bot_zn_1,0,core_bottom,0,core_bottom,16704,7030,4575,5099,0,3778,6853,6073,0,4575,5099,3778,0,941,5.6333812260536398,0,0,True,14805.480126644019,22.463155932036898,14827.943282576045,-738.84423971215074,-243.41978262288239,-26.480358111163994,0,0,0.86125706347469233,-0.69910971689041546,-7615,3404,4211,0,1786,5420,-7206,0,1786,0,0,0,0,0,2.59780487479865
core,rev01_core64,REV01-C064-020,M1,rev01_p90_abs_pmv_relax,paperb_p90_abs_pmv_relax,paperb_pmv_relax,SCALED-96-014,ahmedabad_ssp585_future_extreme,late_century_hot_extreme,Ahmedabad,ssp585,late_2080s,heatwave_extreme,2088,ahmedabad|ssp585|late_2080s|2088,,full_24_anchor_stress_test_grid,stress-test grid; time horizon and weather-year selection rule are confounded; not a causal future-climate contrast,0.90000000000000002,0.20000000000000001,0.10000000000000001,20,26,23.25,23.25,4,1,0.5,1,10,33.5,0.85433300000000001,93.200000000000003,corrected,training_contract,accepted_denver,35040,16704,4176,15,0.25,2147649118423.5193,89112490150.226959,596569.1995620887,24753.469486174155,621322.66904826288,20.139066436738347,25.446625738765089,10319.155476774395,perimeter_bot_zn_1,3398.9542136716295,perimeter_bot_zn_1,404.19264576114119,perimeter_bot_zn_1,0,core_bottom,0,core_bottom,16704,12787,3631,286,0,2223,1889,12592,0,3631,286,2223,0,4486,26.855842911877392,0,0,False,35040,16704,4176,15,0.25,2210165535949.7964,89168486093.596863,613934.87109716563,24769.023914888017,638703.89501205366,21.101806911015419,24.601435654008068,9543.9779419377592,perimeter_bot_zn_1,3136.4734154004827,perimeter_bot_zn_1,364.06536823714555,perimeter_bot_zn_1,0,core_bottom,0,core_bottom,16704,4820,7501,4383,0,4081,8306,4317,0,7501,4383,4081,0,4486,26.855842911877392,0,0,True,17365.671535076923,15.554428713861853,17381.225963790785,-775.17753483663546,-262.4807982711468,-40.127277523995645,0,0,0.96274047427707288,-0.84519008475702151,-7967,3870,4097,0,1858,6417,-8275,0,1858,0,0,0,0,0,2.7974556264646209
core,rev01_core64,REV01-C064-011,M1,rev01_p90_abs_pmv_relax,paperb_p90_abs_pmv_relax,paperb_pmv_relax,SCALED-96-010,ahmedabad_ssp585_present_typical,present_typical,Ahmedabad,ssp585,baseline_2020s,typical,2025,ahmedabad|ssp585|baseline_2020s|2025,,full_24_anchor_stress_test_grid,stress-test grid; time horizon and weather-year selection rule are confounded; not a causal future-climate contrast,0.90000000000000002,0.20000000000000001,0.10000000000000001,20,26,23.25,23.25,4,1,0.5,1,10,33.5,0.85433300000000001,93.200000000000003,corrected,training_contract,accepted_denver,35040,16704,4176,15,0.25,1952345182663.7312,89189867132.157349,542318.10629548086,24774.963092265931,567093.06938774674,20.239288600468544,25.650909052954781,7842.9076362274745,perimeter_bot_zn_1,1955.2310907338158,perimeter_bot_zn_1,168.75303232695313,perimeter_mid_zn_1,0,core_bottom,0,core_bottom,16704,13856,1731,1117,0,2132,1771,12801,0,1731,1117,2132,0,830,4.9688697318007664,0,0,False,35040,16704,4176,15,0.25,1998891621174.8259,89288563209.147858,555247.67254856275,24802.378669207737,580050.05121777044,21.073619419587526,25.005619684855144,7151.7712527710573,perimeter_bot_zn_1,1734.7022713747672,perimeter_bot_zn_1,139.12185707835576,perimeter_mid_zn_1,0,core_bottom,0,core_bottom,16704,6931,4735,5038,0,3658,6889,6157,0,4735,5038,3658,0,830,4.9688697318007664,0,0,True,12929.566253081895,27.415576941806648,12956.981830023695,-691.13638345641721,-220.52881935904861,-29.631175248597373,0,0,0.83433081911898199,-0.64528936809963611,-6925,3004,3921,0,1526,5118,-6644,0,1526,0,0,0,0,0,2.2848069443014882
core,rev01_core64,REV01-C064-019,M1,rev01_p90_abs_pmv_relax,paperb_p90_abs_pmv_relax,paperb_pmv_relax,SCALED-96-022,beijing_ssp245_future_extreme,late_century_hot_extreme,Beijing,ssp245,late_2080s,heatwave_extreme,2084,beijing|ssp245|late_2080s|2084,,full_24_anchor_stress_test_grid,stress-test grid; time horizon and weather-year selection rule are confounded; not a causal future-climate contrast,0.90000000000000002,0.20000000000000001,0.10000000000000001,20,26,23.25,23.25,4,1,0.5,1,10,33.5,0.85433300000000001,93.200000000000003,corrected,training_contract,accepted_denver,35040,16704,4176,15,0.25,1571884308618.7185,233766861559.09485,436634.53017186624,64935.239321970788,501569.76949383703,21.726445846630696,25.24273087147095,3913.5925729243395,perimeter_mid_zn_1,868.65000270255314,perimeter_mid_zn_3,197.23105477822355,perimeter_mid_zn_1,2.1222338320100897,perimeter_bot_zn_1,0,core_bottom,16704,6050,1501,9153,0,3468,7741,5495,0,1501,9153,3468,0,6910,41.367337164750957,0,0,False,35040,16704,4176,15,0.25,1577469838207.1436,234033460998.6499,438186.06616865098,65009.294721847196,503195.36089049815,22.016614088153474,25.103933484161495,3710.1521191152906,perimeter_mid_zn_1,872.88658231741147,perimeter_mid_zn_3,196.830115497333,perimeter_mid_zn_1,2.1222338321388472,perimeter_bot_zn_1,0,core_bottom,16704,4312,2014,10378,0,3771,9133,3800,0,2014,10378,3771,0,6910,41.367337164750957,0,0,True,1551.5359967847471,74.055399876408046,1625.5913966611261,-203.4404538090489,4.2365796148583286,-0.40093928089055453,1.2875744914708775e-10,0,0.2901682415227782,-0.1387973873094559,-1738,513,1225,0,303,1392,-1695,0,303,0,0,0,0,0,0.32410075238418057
core,rev01_core64,REV01-C064-010,M1,rev01_p90_abs_pmv_relax,paperb_p90_abs_pmv_relax,paperb_pmv_relax,SCALED-96-018,beijing_ssp245_present_typical,present_typical,Beijing,ssp245,baseline_2020s,typical,2026,beijing|ssp245|baseline_2020s|2026,,full_24_anchor_stress_test_grid,stress-test grid; time horizon and weather-year selection rule are confounded; not a causal future-climate contrast,0.90000000000000002,0.20000000000000001,0.10000000000000001,20,26,23.25,23.25,4,1,0.5,1,10,33.5,0.85433300000000001,93.200000000000003,corrected,training_contract,accepted_denver,35040,16704,4176,15,0.25,1432398289486.2476,325355784944.20654,397888.4137461799,90376.606928946261,488265.02067512617,21.968650174780368,25.369222735993251,1923.6778778853106,perimeter_mid_zn_1,30.19483277664515,perimeter_mid_zn_3,0,core_bottom,41.701543558465588,perimeter_bot_zn_1,3.3622306746100645,perimeter_bot_zn_1,16704,5770,74,10860,0,3419,8177,5108,0,74,10860,3419,0,6576,39.367816091954019,0,0,False,35040,16704,4176,15,0.25,1437585934135.0503,325710667068.58215,399329.42614862509,90475.185296828378,489804.61144545348,22.190362901066454,25.288468167242875,1744.0581099724977,perimeter_mid_zn_1,32.402795232688305,perimeter_mid_zn_3,0,core_bottom,41.701543680234167,perimeter_bot_zn_1,3.3622306746100645,perimeter_bot_zn_1,16704,4602,182,11920,0,3628,9033,4043,0,182,11920,3628,0,6576,39.367816091954019,0,0,True,1441.0124024451943,98.578367882117163,1539.5907703273115,-179.6197679128129,2.2079624560431554,0,1.2176857921986084e-07,0,0.22171272628608563,-0.080754568750375455,-1168,108,1060,0,209,856,-1065,0,209,0,0,0,0,0,0.31531867021694748
core,rev01_core64,REV01-C064-018,M1,rev01_p90_abs_pmv_relax,paperb_p90_abs_pmv_relax,paperb_pmv_relax,SCALED-96-030,beijing_ssp585_future_extreme,late_century_hot_extreme,Beijing,ssp585,late_2080s,heatwave_extreme,2089,beijing|ssp585|late_2080s|2089,,full_24_anchor_stress_test_grid,stress-test grid; time horizon and weather-year selection rule are confounded; not a causal future-climate contrast,0.90000000000000002,0.20000000000000001,0.10000000000000001,20,26,23.25,23.25,4,1,0.5,1,10,33.5,0.85433300000000001,93.200000000000003,corrected,training_contract,accepted_denver,35040,16704,4176,15,0.25,1657032844243.2759,225781642231.92725,460286.90117868775,62717.122842202014,523004.02402088977,21.597912127944245,25.277348708375662,4191.8597099621693,perimeter_mid_zn_1,879.65872825565373,perimeter_mid_zn_3,141.60530967931604,perimeter_mid_zn_3,1.880603420503058,perimeter_bot_zn_1,0,core_bottom,16704,6720,1613,8371,0,3340,7264,6100,0,1613,8371,3340,0,5936,35.536398467432953,0,0,False,35040,16704,4176,15,0.25,1664576289690.6975,225876578978.51517,462382.30269186042,62743.494160698654,525125.79685255908,21.823967418451417,25.095539874957439,4031.6809343005889,perimeter_mid_zn_1,882.91636921455574,perimeter_mid_zn_3,139.39228719887356,perimeter_mid_zn_3,1.8806034205164206,perimeter_bot_zn_1,0,core_bottom,16704,4892,2509,9303,0,3793,8611,4300,0,2509,9303,3793,0,5936,35.536398467432953,0,0,True,2095.4015131726628,26.371318496640015,2121.7728316693101,-160.1787756615804,3.2576409589020159,-2.2130224804424756,1.3362644324388384e-11,0,0.22605529050717266,-0.18180883341822351,-1828,896,932,0,453,1347,-1800,0,453,0,0,0,0,0,0.40568958061870714
core,rev01_core64,REV01-C064-009,M1,rev01_p90_abs_pmv_relax,paperb_p90_abs_pmv_relax,paperb_pmv_relax,SCALED-96-026,beijing_ssp585_present_typical,present_typical,Beijing,ssp585,baseline_2020s,typical,2026,beijing|ssp585|baseline_2020s|2026,,full_24_anchor_stress_test_grid,stress-test grid; time horizon and weather-year selection rule are confounded; not a causal future-climate contrast,0.90000000000000002,0.20000000000000001,0.10000000000000001,20,26,23.25,23.25,4,1,0.5,1,10,33.5,0.85433300000000001,93.200000000000003,corrected,training_contract,accepted_denver,35040,16704,4176,15,0.25,1440314353478.3616,344834366784.65228,400087.32041065599,95787.324106847853,495874.64451750385,21.818519402281076,25.41655168496786,2060.5593189644514,perimeter_mid_zn_1,7.0124995213071415,perimeter_top_zn_4,0,core_bottom,56.811136213317376,perimeter_bot_zn_1,11.556328954145044,perimeter_bot_zn_1,16704,6689,3,10012,0,3248,7487,5969,0,3,10012,3248,0,7026,42.061781609195407,0,0,False,35040,16704,4176,15,0.25,1446015596475.5967,345090906303.88855,401670.99902099906,95858.585084413484,497529.58410541253,22.093526891364906,25.331381596824674,1814.7716341792279,perimeter_mid_zn_1,6.2860638980138361,perimeter_mid_zn_1,0,core_bottom,56.811136213332944,perimeter_bot_zn_1,11.556328954145044,perimeter_bot_zn_1,16704,5196,46,11462,0,3553,8604,4547,0,46,11462,3553,0,7026,42.061781609195407,0,0,True,1583.6786103430786,71.260977565631038,1654.9395879086806,-245.78768478522352,-0.72643562329330535,0,1.5567991340503795e-11,0,0.27500748908382988,-0.085170088143186717,-1493,43,1450,0,305,1117,-1422,0,305,0,0,0,0,0,0.33374152242024202
core,rev01_core64,REV01-C064-023,M1,rev01_p90_abs_pmv_relax,paperb_p90_abs_pmv_relax,paperb_pmv_relax,SCALED-96-038,guangzhou_ssp245_future_extreme,late_century_hot_extreme,Guangzhou,ssp245,late_2080s,heatwave_extreme,2088,guangzhou|ssp245|late_2080s|2088,,full_24_anchor_stress_test_grid,stress-test grid; time horizon and weather-year selection rule are confounded; not a causal future-climate contrast,0.90000000000000002,0.20000000000000001,0.10000000000000001,20,26,23.25,23.25,4,1,0.5,1,10,33.5,0.85433300000000001,93.200000000000003,corrected,training_contract,accepted_denver,35040,16704,4176,15,0.25,1923530141092.6702,98838337918.498444,534313.92808129732,27455.093866249568,561769.02194754686,20.621551517325798,25.402120480592224,6882.1090842872227,perimeter_mid_zn_1,1682.8669157778438,perimeter_mid_zn_1,122.51086307277593,perimeter_mid_zn_1,0,core_bottom,0,core_bottom,16704,10741,2878,3085,0,3018,4002,9684,0,2878,3085,3018,0,0,0,0,0,False,35040,16704,4176,15,0.25,1944409736806.1421,99168805581.839127,540113.81577948388,27546.890439399758,567660.70621888363,20.998495765116022,24.964261732795688,6597.8506404582786,perimeter_mid_zn_1,1658.1836948275215,perimeter_mid_zn_1,119.84069639326009,perimeter_mid_zn_1,0,core_bottom,0,core_bottom,16704,6806,5131,4767,0,3876,6609,6219,0,5131,4767,3876,0,0,0,0,0,True,5799.8876981865615,91.796573150189943,5891.684271336766,-284.25844382894411,-24.683220950322266,-2.6701666795158445,0,0,0.37694424779022384,-0.43785874779653611,-3935,2253,1682,0,858,2607,-3465,0,858,0,0,0,0,0,1.0487734355503284
core,rev01_core64,REV01-C064-008,M1,rev01_p90_abs_pmv_relax,paperb_p90_abs_pmv_relax,paperb_pmv_relax,SCALED-96-034,guangzhou_ssp245_present_typical,present_typical,Guangzhou,ssp245,baseline_2020s,typical,2025,guangzhou|ssp245|baseline_2020s|2025,,full_24_anchor_stress_test_grid,stress-test grid; time horizon and weather-year selection rule are confounded; not a causal future-climate contrast,0.90000000000000002,0.20000000000000001,0.10000000000000001,20,26,23.25,23.25,4,1,0.5,1,10,33.5,0.85433300000000001,93.200000000000003,corrected,training_contract,accepted_denver,35040,16704,4176,15,0.25,1773698991099.4214,96300996976.350449,492694.16419428372,26750.276937875125,519444.44113215886,20.695818057005432,25.574097512782306,4978.0642717377323,perimeter_mid_zn_1,754.52822893762107,perimeter_bot_zn_1,24.864701217859448,perimeter_mid_zn_1,0,core_bottom,0,core_bottom,16704,11712,1278,3714,0,2679,3598,10427,0,1278,3714,2679,0,0,0,0,0,False,35040,16704,4176,15,0.25,1790429782035.1313,96527897245.113083,497341.60612086981,26813.30479030919,524154.91091117897,21.086207735127417,25.260494582954493,4679.5076236495015,perimeter_mid_zn_1,739.23348382901088,perimeter_bot_zn_1,24.966733245748131,perimeter_mid_zn_1,0,core_bottom,0,core_bottom,16704,8160,2731,5813,0,3551,6014,7139,0,2731,5813,3551,0,0,0,0,0,True,4647.4419265860924,63.027852434064698,4710.4697790201171,-298.55664808823076,-15.294745108610186,0.10203202788868282,0,0,0.39038967812198422,-0.31360292982781246,-3552,1453,2099,0,872,2416,-3288,0,872,0,0,0,0,0,0.90682841243875456
core,rev01_core64,REV01-C064-017,M1,rev01_p90_abs_pmv_relax,paperb_p90_abs_pmv_relax,paperb_pmv_relax,SCALED-96-046,guangzhou_ssp585_future_extreme,late_century_hot_extreme,Guangzhou,ssp585,late_2080s,heatwave_extreme,2086,guangzhou|ssp585|late_2080s|2086,,full_24_anchor_stress_test_grid,stress-test grid; time horizon and weather-year selection rule are confounded; not a causal future-climate contrast,0.90000000000000002,0.20000000000000001,0.10000000000000001,20,26,23.25,23.25,4,1,0.5,1,10,33.5,0.85433300000000001,93.200000000000003,corrected,training_contract,accepted_denver,35040,16704,4176,15,0.25,2108830706952.9426,97869882254,585786.30748692853,27186.078403888889,612972.38589081739,20.478507219146493,25.123671005512104,9605.311934134872,perimeter_mid_zn_1,3673.3663427501383,perimeter_bot_zn_1,799.21440354727588,perimeter_bot_zn_1,0,core_bottom,0,core_bottom,16704,9450,5146,2108,0,3094,4048,9562,0,5146,2108,3094,0,3020,18.079501915708811,0,0,False,35040,16704,4176,15,0.25,2138068752506.6152,98073010200.895813,593907.98680739314,27242.50283358217,621150.48964097537,20.980434758453075,24.585002835226241,9232.1276251154031,perimeter_bot_zn_1,3649.8624527110087,perimeter_bot_zn_1,792.58511823338847,perimeter_bot_zn_1,0,core_bottom,0,core_bottom,16704,5113,7624,3967,0,3867,7530,5307,0,7624,3967,3867,0,3020,18.079501915708811,0,0,True,8121.6793204646092,56.424429693281127,8178.1037501579849,-373.18430901946886,-23.503890039129601,-6.6292853138874079,0,0,0.50192753930658185,-0.53866817028586311,-4337,2478,1859,0,773,3482,-4255,0,773,0,0,0,0,0,1.3341716427034396
core,rev01_core64,REV01-C064-012,M1,rev01_p90_abs_pmv_relax,paperb_p90_abs_pmv_relax,paperb_pmv_relax,SCALED-96-042,guangzhou_ssp585_present_typical,present_typical,Guangzhou,ssp585,baseline_2020s,typical,2025,guangzhou|ssp585|baseline_2020s|2025,,full_24_anchor_stress_test_grid,stress-test grid; time horizon and weather-year selection rule are confounded; not a causal future-climate contrast,0.90000000000000002,0.20000000000000001,0.10000000000000001,20,26,23.25,23.25,4,1,0.5,1,10,33.5,0.85433300000000001,93.200000000000003,corrected,training_contract,accepted_denver,35040,16704,4176,15,0.25,1768388908700.7734,104170938326.93933,491219.14130577038,28936.371757483146,520155.51306325354,20.824191784036572,25.611996193955228,4749.9712176227185,perimeter_mid_zn_1,656.12823034924645,perimeter_mid_zn_1,11.576939500955396,perimeter_mid_zn_1,0,core_bottom,0,core_bottom,16704,11517,811,4376,0,2473,3799,10432,0,811,4376,2473,0,536,3.2088122605363987,0,0,False,35040,16704,4176,15,0.25,1785101553767.5872,104413101242.9274,495861.54271321866,29003.6392341465,524865.18194736517,21.139345519844142,25.277037894588776,4440.7851127166405,perimeter_mid_zn_1,638.58293872208128,perimeter_mid_zn_1,13.587648342436953,perimeter_mid_zn_1,0,core_bottom,0,core_bottom,16704,8176,2476,6052,0,3418,6137,7149,0,2476,6052,3418,0,536,3.2088122605363987,0,0,True,4642.4014074482839,67.267476663353591,4709.6688841116265,-309.18610490607807,-17.54529162716517,2.0107088414815575,0,0,0.31515373580757,-0.33495829936645194,-3341,1665,1676,0,945,2338,-3283,0,945,0,0,0,0,0,0.90543477206958045
core,rev01_core64,REV01-C064-016,M1,rev01_p90_abs_pmv_relax,paperb_p90_abs_pmv_relax,paperb_pmv_relax,SCALED-96-054,houston_ssp245_future_extreme,late_century_hot_extreme,Houston,ssp245,late_2080s,heatwave_extreme,2081,houston|ssp245|late_2080s|2081,,full_24_anchor_stress_test_grid,stress-test grid; time horizon and weather-year selection rule are confounded; not a causal future-climate contrast,0.90000000000000002,0.20000000000000001,0.10000000000000001,20,26,23.25,23.25,4,1,0.5,1,10,33.5,0.85433300000000001,93.200000000000003,corrected,training_contract,accepted_denver,35040,16704,4176,15,0.25,1795005600609.8489,118173713686.99396,498612.66683606914,32826.03157972054,531438.69841578964,20.96363564195304,25.345515178081175,5241.0754213359623,perimeter_mid_zn_1,986.0204816740835,perimeter_mid_zn_1,83.686778591063671,perimeter_mid_zn_2,0,core_bottom,0,core_bottom,16704,9415,2429,4860,0,3184,5170,8350,0,2429,4860,3184,0,604,3.6159003831417627,0,0,False,35040,16704,4176,15,0.25,1810161422391.2681,118731767776.51849,502822.61733090779,32981.046604588468,535803.66393549624,21.353047748178358,25.013612237469903,4990.1587110418704,perimeter_mid_zn_1,985.59343278672964,perimeter_mid_zn_1,79.857283200333256,perimeter_mid_zn_2,0,core_bottom,0,core_bottom,16704,6248,3908,6548,0,3820,7326,5558,0,3908,6548,3820,0,604,3.6159003831417627,0,0,True,4209.9504948386457,155.01502486792742,4364.9655197066022,-250.9167102940919,-0.42704888735386248,-3.8294953907304148,0,0,0.38941210622531841,-0.3319029406112719,-3167,1479,1688,0,636,2156,-2792,0,636,0,0,0,0,0,0.82134882776103724
core,rev01_core64,REV01-C064-006,M1,rev01_p90_abs_pmv_relax,paperb_p90_abs_pmv_relax,paperb_pmv_relax,SCALED-96-050,houston_ssp245_present_typical,present_typical,Houston,ssp245,baseline_2020s,typical,2027,houston|ssp245|baseline_2020s|2027,,full_24_anchor_stress_test_grid,stress-test grid; time horizon and weather-year selection rule are confounded; not a causal future-climate contrast,0.90000000000000002,0.20000000000000001,0.10000000000000001,20,26,23.25,23.25,4,1,0.5,1,10,33.5,0.85433300000000001,93.200000000000003,corrected,training_contract,accepted_denver,35040,16704,4176,15,0.25,1711195058581.5942,103017393904.51416,475331.9607171095,28615.942751253933,503947.90346836345,20.812067368021413,25.632279889336949,4113.7528799540187,perimeter_mid_zn_1,328.93769923359969,perimeter_mid_zn_1,18.770960822401037,perimeter_mid_zn_1,0,core_bottom,0,core_bottom,16704,11539,605,4560,0,2591,3772,10341,0,605,4560,2591,0,89,0.53280651340996166,0,0,False,35040,16704,4176,15,0.25,1724868385963.2109,103276477821.47273,479130.10721200303,28687.910505964646,507818.01771796768,21.124388128404874,25.395227304363615,3884.4005675506874,perimeter_mid_zn_1,338.60169323531056,perimeter_mid_zn_1,18.263972473064651,perimeter_mid_zn_2,0,core_bottom,0,core_bottom,16704,8703,1786,6215,0,3400,5720,7584,0,1786,6215,3400,0,89,0.53280651340996166,0,0,True,3798.1464948935318,71.967754710713052,3870.1142496042303,-229.35231240333133,9.6639940017108756,-0.50698834933638537,0,0,0.31232076038346079,-0.23705258497333404,-2836,1181,1655,0,809,1948,-2757,0,809,0,0,0,0,0,0.76795919240235233
core,rev01_core64,REV01-C064-015,M1,rev01_p90_abs_pmv_relax,paperb_p90_abs_pmv_relax,paperb_pmv_relax,SCALED-96-062,houston_ssp585_future_extreme,late_century_hot_extreme,Houston,ssp585,late_2080s,heatwave_extreme,2086,houston|ssp585|late_2080s|2086,,full_24_anchor_stress_test_grid,stress-test grid; time horizon and weather-year selection rule are confounded; not a causal future-climate contrast,0.90000000000000002,0.20000000000000001,0.10000000000000001,20,26,23.25,23.25,4,1,0.5,1,10,33.5,0.85433300000000001,93.200000000000003,corrected,training_contract,accepted_denver,35040,16704,4176,15,0.25,1890660714963.2131,100914332526.88371,525183.53193422582,28031.759035245475,553215.29096947133,20.910113095323702,25.232111318814802,6298.4964978507433,perimeter_mid_zn_1,1550.3339764598054,perimeter_mid_zn_1,184.27071166256346,perimeter_bot_zn_1,0,core_bottom,0,core_bottom,16704,8827,3425,4452,0,3406,5417,7881,0,3425,4452,3406,0,0,0,0,0,False,35040,16704,4176,15,0.25,1906299460035.8169,101310829074.50337,529527.62778772693,28141.896965139826,557669.52475286671,21.319637130503452,24.878066906983825,6019.4600553384307,perimeter_mid_zn_1,1515.3282757362256,perimeter_mid_zn_1,175.69991458645075,perimeter_bot_zn_1,0,core_bottom,0,core_bottom,16704,5647,4999,6058,0,3910,7558,5236,0,4999,6058,3910,0,0,0,0,0,True,4344.0958535011159,110.13792989435024,4454.2337833953789,-279.03644251231253,-35.005700723579821,-8.5707970761127115,0,0,0.40952403517975,-0.35404441183097646,-3180,1574,1606,0,504,2141,-2645,0,504,0,0,0,0,0,0.80515377215796835
core,rev01_core64,REV01-C064-005,M1,rev01_p90_abs_pmv_relax,paperb_p90_abs_pmv_relax,paperb_pmv_relax,SCALED-96-058,houston_ssp585_present_typical,present_typical,Houston,ssp585,baseline_2020s,typical,2025,houston|ssp585|baseline_2020s|2025,,full_24_anchor_stress_test_grid,stress-test grid; time horizon and weather-year selection rule are confounded; not a causal future-climate contrast,0.90000000000000002,0.20000000000000001,0.10000000000000001,20,26,23.25,23.25,4,1,0.5,1,10,33.5,0.85433300000000001,93.200000000000003,corrected,training_contract,accepted_denver,35040,16704,4176,15,0.25,1736097405522.4421,121789482427.66818,482249.27931178949,33830.411785463381,516079.69109725289,21.084295258211451,25.43257211999418,4562.6974617450933,perimeter_mid_zn_1,694.36308862908481,perimeter_mid_zn_1,48.252919549568603,perimeter_mid_zn_2,1.2050475876866988,perimeter_bot_zn_1,0,core_bottom,16704,9297,1591,5816,0,3126,5328,8250,0,1591,5816,3126,0,1170,7.0043103448275854,0,0,False,35040,16704,4176,15,0.25,1751554232302.0383,122290477815.72441,486542.84230612178,33969.577171034558,520512.41947715636,21.462134525693696,25.075926645505476,4321.8995119211877,perimeter_mid_zn_1,706.29251684648614,perimeter_mid_zn_1,45.352522778565415,perimeter_mid_zn_2,1.2488830711886818,perimeter_bot_zn_1,0,core_bottom,16704,5794,3396,7514,0,3880,7557,5267,0,3396,7514,3880,0,1170,7.0043103448275854,0,0,True,4293.5629943322856,139.16538557117747,4432.7283799034776,-240.79794982390558,11.929428217401323,-2.9003967710031873,0.043835483501982964,0,0.37783926748224417,-0.35664547448870465,-3503,1805,1698,0,754,2229,-2983,0,754,0,0,0,0,0,0.85892323537841953
core,rev01_core64,REV01-C064-014,M1,rev01_p90_abs_pmv_relax,paperb_p90_abs_pmv_relax,paperb_pmv_relax,SCALED-96-070,kolkata_ssp245_future_extreme,late_century_hot_extreme,Kolkata,ssp245,late_2080s,heatwave_extreme,2086,kolkata|ssp245|late_2080s|2086,,full_24_anchor_stress_test_grid,stress-test grid; time horizon and weather-year selection rule are confounded; not a causal future-climate contrast,0.90000000000000002,0.20000000000000001,0.10000000000000001,20,26,23.25,23.25,4,1,0.5,1,10,33.5,0.85433300000000001,93.200000000000003,corrected,training_contract,accepted_denver,35040,16704,4176,15,0.25,2104453849262.3628,89114550871.933838,584570.51368398964,24754.041908870509,609324.5555928601,20.22454578026958,25.430338530704894,8668.4123643898401,perimeter_mid_zn_1,2583.299516541786,perimeter_mid_zn_1,350.95150738342824,perimeter_mid_zn_1,0,core_bottom,0,core_bottom,16704,12456,3548,700,0,2543,2562,11599,0,3548,700,2543,0,890,5.3280651340996164,0,0,False,35040,16704,4176,15,0.25,2132697669323.7205,89142760835.563217,592416.019256589,24761.87800987867,617177.89726646768,20.625202031884612,24.887092760239526,8230.4805356910347,perimeter_mid_zn_1,2447.3817765494969,perimeter_mid_zn_1,336.20799616525687,perimeter_mid_zn_1,0,core_bottom,0,core_bottom,16704,8020,6218,2466,0,3748,5832,7124,0,6218,2466,3748,0,890,5.3280651340996164,0,0,True,7845.5055725993589,7.8361010081607674,7853.3416736075887,-437.93182869880548,-135.91773999228917,-14.743511218171363,0,0,0.40065625161503249,-0.54324577046536859,-4436,2670,1766,0,1205,3270,-4475,0,1205,0,0,0,0,0,1.2888601979886485
core,rev01_core64,REV01-C064-004,M1,rev01_p90_abs_pmv_relax,paperb_p90_abs_pmv_relax,paperb_pmv_relax,SCALED-96-066,kolkata_ssp245_present_typical,present_typical,Kolkata,ssp245,baseline_2020s,typical,2026,kolkata|ssp245|baseline_2020s|2026,,full_24_anchor_stress_test_grid,stress-test grid; time horizon and weather-year selection rule are confounded; not a causal future-climate contrast,0.90000000000000002,0.20000000000000001,0.10000000000000001,20,26,23.25,23.25,4,1,0.5,1,10,33.5,0.85433300000000001,93.200000000000003,corrected,training_contract,accepted_denver,35040,16704,4176,15,0.25,1956081944758.2317,89632704985.424454,543356.09576617542,24897.973607062348,568254.06937323778,20.272443150195127,25.633586181991401,6673.3703652767972,perimeter_mid_zn_1,1242.5711406566782,perimeter_mid_zn_1,49.849119109670561,perimeter_mid_zn_1,0,core_bottom,0,core_bottom,16704,13520,1922,1262,0,2326,2198,12180,0,1922,1262,2326,0,39,0.2334770114942529,0,0,False,35040,16704,4176,15,0.25,1976987391503.6338,89699719585.233887,549163.16430656496,24916.588773676078,574079.75308024103,20.588938957886679,25.229063004826219,6376.1036158794059,perimeter_mid_zn_1,1196.727253905877,perimeter_mid_zn_1,50.962697847444524,perimeter_mid_zn_1,0,core_bottom,0,core_bottom,16704,9812,3919,2973,0,3421,4654,8629,0,3919,2973,3421,0,39,0.2334770114942529,0,0,True,5807.0685403895332,18.615166613730253,5825.6837070032489,-297.26674939739132,-45.843886750801175,1.1135787377739632,0,0,0.3164958076915525,-0.40452317716518138,-3708,1997,1711,0,1095,2456,-3551,0,1095,0,0,0,0,0,1.0251899671266327
core,rev01_core64,REV01-C064-013,M1,rev01_p90_abs_pmv_relax,paperb_p90_abs_pmv_relax,paperb_pmv_relax,SCALED-96-078,kolkata_ssp585_future_extreme,late_century_hot_extreme,Kolkata,ssp585,late_2080s,heatwave_extreme,2080,kolkata|ssp585|late_2080s|2080,,full_24_anchor_stress_test_grid,stress-test grid; time horizon and weather-year selection rule are confounded; not a causal future-climate contrast,0.90000000000000002,0.20000000000000001,0.10000000000000001,20,26,23.25,23.25,4,1,0.5,1,10,33.5,0.85433300000000001,93.200000000000003,corrected,training_contract,accepted_denver,35040,16704,4176,15,0.25,2279328859838.9961,89026665459.710464,633146.90551083221,24729.629294364018,657876.53480519622,20.183151329157454,25.183537548985974,11042.785876170014,perimeter_bot_zn_1,4236.7320774554209,perimeter_mid_zn_1,898.64635720692058,perimeter_mid_zn_1,0,core_bottom,0,core_bottom,16704,10875,5487,342,0,2785,2963,10956,0,5487,342,2785,0,3129,18.732040229885058,0,0,False,35040,16704,4176,15,0.25,2319155884805.127,89072808528.441254,644209.9680014241,24742.446813455903,668952.41481488,20.692334880317308,24.501309767536732,10714.022146264631,perimeter_bot_zn_1,4081.6660238291192,perimeter_bot_zn_1,860.27617369449536,perimeter_mid_zn_1,0,core_bottom,0,core_bottom,16704,5612,8769,2323,0,3979,7344,5381,0,8769,2323,3979,0,3129,18.732040229885058,0,0,True,11063.062490591896,12.817519091884606,11075.88000968378,-328.76372990538221,-155.06605362630171,-38.370183512425228,0,0,0.50918355115985392,-0.68222778144924234,-5263,3282,1981,0,1194,4381,-5575,0,1194,0,0,0,0,0,1.6835803412510311
core,rev01_core64,REV01-C064-003,M1,rev01_p90_abs_pmv_relax,paperb_p90_abs_pmv_relax,paperb_pmv_relax,SCALED-96-074,kolkata_ssp585_present_typical,present_typical,Kolkata,ssp585,baseline_2020s,typical,2029,kolkata|ssp585|baseline_2020s|2029,,full_24_anchor_stress_test_grid,stress-test grid; time horizon and weather-year selection rule are confounded; not a causal future-climate contrast,0.90000000000000002,0.20000000000000001,0.10000000000000001,20,26,23.25,23.25,4,1,0.5,1,10,33.5,0.85433300000000001,93.200000000000003,corrected,training_contract,accepted_denver,35040,16704,4176,15,0.25,1891150579641.0002,89777721128.347504,525319.60545583337,24938.255868985416,550257.8613248188,20.298943369781377,25.727060939160342,5808.2642327183612,perimeter_mid_zn_1,762.18021271587713,perimeter_mid_zn_1,12.875332895233296,perimeter_mid_zn_1,0,core_bottom,0,core_bottom,16704,14113,1062,1529,0,2036,1796,12872,0,1062,1529,2036,0,0,0,0,0,False,35040,16704,4176,15,0.25,1908021669979.5032,89873928342.404572,530006.01943875093,24964.98009511238,554970.99953386327,20.632723563475626,25.409092939676452,5539.3577168266957,perimeter_mid_zn_1,739.97329664963308,perimeter_mid_zn_1,13.886960751257545,perimeter_mid_zn_1,0,core_bottom,0,core_bottom,16704,10786,2615,3303,0,3031,4127,9546,0,2615,3303,3031,0,0,0,0,0,True,4686.4139829175547,26.724226126963913,4713.1382090444677,-268.90651589166555,-22.206916066244048,1.0116278560242495,0,0,0.33378019369424905,-0.31796799948389065,-3327,1553,1774,0,995,2331,-3326,0,995,0,0,0,0,0,0.85653264411288232
core,rev01_core64,REV01-C064-022,M1,rev01_p90_abs_pmv_relax,paperb_p90_abs_pmv_relax,paperb_pmv_relax,SCALED-96-086,phoenix_ssp245_future_extreme,late_century_hot_extreme,Phoenix,ssp245,late_2080s,heatwave_extreme,2086,phoenix|ssp245|late_2080s|2086,,full_24_anchor_stress_test_grid,stress-test grid; time horizon and weather-year selection rule are confounded; not a causal future-climate contrast,0.90000000000000002,0.20000000000000001,0.10000000000000001,20,26,23.25,23.25,4,1,0.5,1,10,33.5,0.85433300000000001,93.200000000000003,corrected,training_contract,accepted_denver,35040,16704,4176,15,0.25,1868140874481.426,94539451815.109039,518928.02068928501,26260.958837530288,545188.97952681535,20.642051623698851,25.630579352835586,7068.374306968517,perimeter_bot_zn_1,1594.9290209579979,perimeter_bot_zn_1,297.6491499079076,perimeter_bot_zn_1,0,core_bottom,0,core_bottom,16704,11671,1064,3969,0,2897,3525,10282,0,1064,3969,2897,0,5369,32.142001915708811,0,0,False,35040,16704,4176,15,0.25,1916524070777.1782,95138114785.470184,532367.7974381051,26427.254107075052,558795.05154518015,21.607951515022364,25.01522063843592,6237.8917473768797,perimeter_bot_zn_1,1527.9176253094111,perimeter_bot_zn_1,312.60478407627784,perimeter_bot_zn_1,0,core_bottom,0,core_bottom,16704,4359,3592,8753,0,4131,8602,3971,0,3592,8753,4131,0,5369,32.142001915708811,0,0,True,13439.776748820092,166.29526954476387,13606.072018364794,-830.48255959163725,-67.011395648586813,14.955634168370239,0,0,0.96589989132351306,-0.61535871439966527,-7312,2528,4784,0,1234,5077,-6311,0,1234,0,0,0,0,0,2.4956616016291968
core,rev01_core64,REV01-C064-002,M1,rev01_p90_abs_pmv_relax,paperb_p90_abs_pmv_relax,paperb_pmv_relax,SCALED-96-082,phoenix_ssp245_present_typical,present_typical,Phoenix,ssp245,baseline_2020s,typical,2026,phoenix|ssp245|baseline_2020s|2026,,full_24_anchor_stress_test_grid,stress-test grid; time horizon and weather-year selection rule are confounded; not a causal future-climate contrast,0.90000000000000002,0.20000000000000001,0.10000000000000001,20,26,23.25,23.25,4,1,0.5,1,10,33.5,0.85433300000000001,93.200000000000003,corrected,training_contract,accepted_denver,35040,16704,4176,15,0.25,1700357111556.1328,100209267177.31711,472321.41987670359,27835.907549254753,500157.32742595836,20.869749953463618,25.669742657307008,5545.9442683818679,perimeter_mid_zn_1,797.75430988114044,perimeter_mid_zn_1,26.737537406385492,perimeter_bot_zn_1,0,core_bottom,0,core_bottom,16704,11277,197,5230,0,2796,3982,9926,0,197,5230,2796,0,2671,15.990181992337165,0,0,False,35040,16704,4176,15,0.25,1739249217773.2261,100906413354.10968,483124.78271478502,28029.559265030468,511154.34197981551,21.857683861392669,25.195435578795685,4503.3743556999571,perimeter_mid_zn_1,673.13218715628329,perimeter_mid_zn_1,33.895427938588199,perimeter_bot_zn_1,0,core_bottom,0,core_bottom,16704,4760,1794,10150,0,3924,8751,4029,0,1794,10150,3924,0,2671,15.990181992337165,0,0,True,10803.362838081433,193.65171577571527,10997.014553857152,-1042.5699126819109,-124.62212272485715,7.1578905322027069,0,0,0.987933907929051,-0.47430707851132325,-6517,1597,4920,0,1128,4769,-5897,0,1128,0,0,0,0,0,2.19871107566351
core,rev01_core64,REV01-C064-024,M1,rev01_p90_abs_pmv_relax,paperb_p90_abs_pmv_relax,paperb_pmv_relax,SCALED-96-094,phoenix_ssp585_future_extreme,late_century_hot_extreme,Phoenix,ssp585,late_2080s,heatwave_extreme,2085,phoenix|ssp585|late_2080s|2085,,full_24_anchor_stress_test_grid,stress-test grid; time horizon and weather-year selection rule are confounded; not a causal future-climate contrast,0.90000000000000002,0.20000000000000001,0.10000000000000001,20,26,23.25,23.25,4,1,0.5,1,10,33.5,0.85433300000000001,93.200000000000003,corrected,training_contract,accepted_denver,35040,16704,4176,15,0.25,1957914524274.3286,90559643020.126022,543865.14563175791,25155.45639447945,569020.60202623741,20.762070263939343,25.434203670399398,7649.6648485088817,perimeter_bot_zn_1,2246.6854817519093,perimeter_bot_zn_1,452.80509795880374,perimeter_bot_zn_1,0,core_bottom,0,core_bottom,16704,10000,2247,4457,0,3220,4378,9106,0,2247,4457,3220,0,6449,38.60751915708812,0,0,False,35040,16704,4176,15,0.25,2001798228216.8218,90845453996.251236,556055.06339356164,25234.848332292011,581289.91172585369,21.724035619319171,24.825493363128313,6918.9463137695311,perimeter_bot_zn_1,2202.4337565522892,perimeter_bot_zn_1,464.83273307724187,perimeter_bot_zn_1,0,core_bottom,0,core_bottom,16704,3032,4736,8936,0,4190,9405,3109,0,4736,8936,4190,0,6449,38.60751915708812,0,0,True,12189.917761803721,79.391937812561082,12269.309699616279,-730.71853473935062,-44.251725199620068,12.027635118438127,0,0,0.96196535537982797,-0.60871030727108533,-6968,2489,4479,0,970,5027,-5997,0,970,0,0,0,0,0,2.1562153735605065
core,rev01_core64,REV01-C064-007,M1,rev01_p90_abs_pmv_relax,paperb_p90_abs_pmv_relax,paperb_pmv_relax,SCALED-96-090,phoenix_ssp585_present_typical,present_typical,Phoenix,ssp585,baseline_2020s,typical,2029,phoenix|ssp585|baseline_2020s|2029,,full_24_anchor_stress_test_grid,stress-test grid; time horizon and weather-year selection rule are confounded; not a causal future-climate contrast,0.90000000000000002,0.20000000000000001,0.10000000000000001,20,26,23.25,23.25,4,1,0.5,1,10,33.5,0.85433300000000001,93.200000000000003,corrected,training_contract,accepted_denver,35040,16704,4176,15,0.25,1735510559640.3813,98625202512.087936,482086.2665667726,27395.889586691093,509482.1561534637,20.995882041609608,25.600686888128404,5522.8841489529486,perimeter_mid_zn_1,938.28929926134913,perimeter_bot_zn_1,77.268759637038187,perimeter_bot_zn_1,0,core_bottom,0,core_bottom,16704,10484,450,5770,0,2943,4553,9208,0,450,5770,2943,0,4476,26.795977011494255,0,0,False,35040,16704,4176,15,0.25,1778245946714.3513,99037207769.708572,493957.20742065314,27510.335491585716,521467.54291223886,21.940467790625561,25.079814560111913,4711.352336275565,perimeter_bot_zn_1,889.41081766832292,perimeter_bot_zn_1,84.085354905700626,perimeter_bot_zn_1,0,core_bottom,0,core_bottom,16704,3681,2363,10660,0,4097,9397,3210,0,2363,10660,4097,0,4476,26.795977011494255,0,0,True,11870.940853880544,114.4459048946228,11985.386758775159,-811.53181267738364,-48.878481593026208,6.8165952686624394,0,0,0.94458574901595327,-0.52087232801649108,-6803,1913,4890,0,1154,4844,-5998,0,1154,0,0,0,0,0,2.3524644806529751
core,rev01_core64,REV01-C064-053,M2,rev01_p90_bounds19_27,paperb_p90_tail_asym_relax,paperb_p90_tail_asym_relax,SCALED-96-028,beijing_ssp585_present_typical,present_typical,Beijing,ssp585,baseline_2020s,typical,2026,beijing|ssp585|baseline_2020s|2026,beijing_ssp585_present_typical,predeclared_4_anchor_sentinel_panel,stress-test grid; time horizon and weather-year selection rule are confounded; not a causal future-climate contrast,0.90000000000000002,0.20000000000000001,0.10000000000000001,19,27,23.25,23.25,4,1,0.5,1,10,33.5,0.85433300000000001,93.200000000000003,corrected,training_contract,accepted_denver,35040,16704,4176,15,0.25,1405372962588.3425,336468767550.19434,390381.37849676184,93463.546541720643,483844.92503848247,20.225292596780477,25.208533747442836,2114.8550810487386,perimeter_mid_zn_1,8.062753445823315,perimeter_top_zn_4,0,core_bottom,100.00052115553521,perimeter_bot_zn_1,22.895306725414311,perimeter_bot_zn_1,16704,10685,5616,403,0,2759,3561,10384,0,5616,403,2759,0,7026,42.061781609195407,0,0,False,35040,16704,4176,15,0.25,1377625397024.2078,340659845752.49683,382673.72139561328,94627.734931249113,477301.45632686239,19.487875240515933,25.847538286698732,4007.7323471029777,perimeter_mid_zn_1,389.4993190446329,perimeter_top_zn_4,0.13910505213459956,perimeter_top_zn_4,98.243350678876226,perimeter_bot_zn_1,22.896689074631155,perimeter_bot_zn_1,16704,10407,5864,433,0,3349,4051,9304,0,5864,433,3349,0,7026,42.061781609195407,0,0,True,-7707.6571011485648,1164.18838952847,-6543.4687116200803,1892.877266054239,381.43656559880958,0.13910505213459956,-1.7571704766589846,0.001382349216843437,-0.73741735626454386,0.63900453925589673,-278,248,30,0,590,490,-1080,0,590,0,0,0,0,0,-1.3523896548257992
core,rev01_core64,REV01-C064-054,M2,rev01_p90_bounds19_27,paperb_p90_tail_asym_relax,paperb_p90_tail_asym_relax,SCALED-96-044,guangzhou_ssp585_present_typical,present_typical,Guangzhou,ssp585,baseline_2020s,typical,2025,guangzhou|ssp585|baseline_2020s|2025,guangzhou_ssp585_present_typical,predeclared_4_anchor_sentinel_panel,stress-test grid; time horizon and weather-year selection rule are confounded; not a causal future-climate contrast,0.90000000000000002,0.20000000000000001,0.10000000000000001,19,27,23.25,23.25,4,1,0.5,1,10,33.5,0.85433300000000001,93.200000000000003,corrected,training_contract,accepted_denver,35040,16704,4176,15,0.25,1762484152638.6426,105293162044.23643,489578.93128851184,29248.100567843456,518827.03185635532,20.047204262452109,25.9183279454023,5137.527074287681,perimeter_mid_zn_1,674.80222182353202,perimeter_mid_zn_1,12.335958350140285,perimeter_mid_zn_1,0,core_bottom,0,core_bottom,16704,16155,543,0,6,1350,382,14966,6,543,0,1350,6,536,3.2088122605363987,0,0,False,35040,16704,4176,15,0.25,1724594023843.377,106438756090.22171,479053.89551204914,29566.321136172697,508620.21664822183,19.120031130268199,26.818127394636015,7882.6979757804047,perimeter_mid_zn_1,1222.6409858288457,perimeter_mid_zn_1,27.211466805638391,perimeter_mid_zn_1,0,core_bottom,0,core_bottom,16704,15823,876,0,5,2067,621,14011,5,876,0,2067,5,536,3.2088122605363987,0,0,True,-10525.035776462697,318.22056832924136,-10206.815208133485,2745.1709014927237,547.83876400531369,14.875508455498107,0,0,-0.92717313218390984,0.89979944923371491,-332,333,0,-1,717,239,-955,-1,717,-1,0,0,0,0,-1.9672867027790848
core,rev01_core64,REV01-C064-055,M2,rev01_p90_bounds19_27,paperb_p90_tail_asym_relax,paperb_p90_tail_asym_relax,SCALED-96-080,kolkata_ssp585_future_extreme,late_century_hot_extreme,Kolkata,ssp585,late_2080s,heatwave_extreme,2080,kolkata|ssp585|late_2080s|2080,kolkata_ssp585_future_extreme,predeclared_4_anchor_sentinel_panel,stress-test grid; time horizon and weather-year selection rule are confounded; not a causal future-climate contrast,0.90000000000000002,0.20000000000000001,0.10000000000000001,19,27,23.25,23.25,4,1,0.5,1,10,33.5,0.85433300000000001,93.200000000000003,corrected,training_contract,accepted_denver,35040,16704,4176,15,0.25,2276159912202.1084,89033568706.948776,632266.64227836346,24731.546863041327,656998.18914140482,20.047024664750957,25.756914511494251,11053.947493384516,perimeter_mid_zn_1,4224.2538324502821,perimeter_mid_zn_1,896.40725665169407,perimeter_mid_zn_1,0,core_bottom,0,core_bottom,16704,14675,2013,1,15,2034,1363,13292,15,2013,1,2034,15,3129,18.732040229885058,0,0,False,35040,16704,4176,15,0.25,2225145784596.9863,88935104742.651978,618096.05127694062,24704.195761847772,642800.2470387884,19.117726293103448,26.623248922413794,12784.57125984097,perimeter_mid_zn_1,4815.5848569682603,perimeter_mid_zn_1,1002.9482009617885,perimeter_mid_zn_1,0,core_bottom,0,core_bottom,16704,14177,2510,0,17,2908,1800,11979,17,2510,0,2908,17,3129,18.732040229885058,0,0,True,-14170.591001422843,-27.351101193555223,-14197.94210261642,1730.6237664564542,591.33102451797822,106.54094431009446,0,0,-0.9292983716475085,0.86633441091954211,-498,497,-1,2,874,437,-1313,2,874,2,0,0,0,0,-2.1610321515757809
core,rev01_core64,REV01-C064-056,M2,rev01_p90_bounds19_27,paperb_p90_tail_asym_relax,paperb_p90_tail_asym_relax,SCALED-96-096,phoenix_ssp585_future_extreme,late_century_hot_extreme,Phoenix,ssp585,late_2080s,heatwave_extreme,2085,phoenix|ssp585|late_2080s|2085,phoenix_ssp585_future_extreme,predeclared_4_anchor_sentinel_panel,stress-test grid; time horizon and weather-year selection rule are confounded; not a causal future-climate contrast,0.90000000000000002,0.20000000000000001,0.10000000000000001,19,27,23.25,23.25,4,1,0.5,1,10,33.5,0.85433300000000001,93.200000000000003,corrected,training_contract,accepted_denver,35040,16704,4176,15,0.25,1950813321310.4031,91538649647.834839,541892.58925288974,25427.402679954121,567319.99193284381,20.047413793103448,25.892465876436781,8089.2502858511825,perimeter_bot_zn_1,2235.0735571443233,perimeter_bot_zn_1,448.2061497412281,perimeter_bot_zn_1,0,core_bottom,0,core_bottom,16704,15917,707,3,77,1438,477,14712,77,707,3,1438,77,6449,38.60751915708812,0,0,False,35040,16704,4176,15,0.25,1889542694914.2092,91876865035.059662,524872.97080950253,25521.351398627685,550394.32220813027,19.118175287356323,26.789286997126435,10194.730440230845,perimeter_bot_zn_1,2856.9581193149729,perimeter_bot_zn_1,451.83099742999531,perimeter_bot_zn_1,0,core_bottom,0,core_bottom,16704,15479,1167,3,55,2251,806,13592,55,1167,3,2251,55,6449,38.60751915708812,0,0,True,-17019.618443387211,93.948718673564144,-16925.669724713545,2105.480154379663,621.88456217064959,3.6248476887672041,0,0,-0.92923850574712574,0.8968211206896548,-438,460,0,-22,813,329,-1120,-22,813,-22,0,0,0,0,-2.983443200555695
core,rev01_core64,REV01-C064-049,M2,rev01_p90_bounds21_25,paperb_p90_tail_asym_relax,paperb_p90_tail_asym_relax,SCALED-96-028,beijing_ssp585_present_typical,present_typical,Beijing,ssp585,baseline_2020s,typical,2026,beijing|ssp585|baseline_2020s|2026,beijing_ssp585_present_typical,predeclared_4_anchor_sentinel_panel,stress-test grid; time horizon and weather-year selection rule are confounded; not a causal future-climate contrast,0.90000000000000002,0.20000000000000001,0.10000000000000001,21,25,23.25,23.25,4,1,0.5,1,10,33.5,0.85433300000000001,93.200000000000003,corrected,training_contract,accepted_denver,35040,16704,4176,15,0.25,1405372962588.3425,336468767550.19434,390381.37849676184,93463.546541720643,483844.92503848247,20.225292596780477,25.208533747442836,2114.8550810487386,perimeter_mid_zn_1,8.062753445823315,perimeter_top_zn_4,0,core_bottom,100.00052115553521,perimeter_bot_zn_1,22.895306725414311,perimeter_bot_zn_1,16704,10685,5616,403,0,2759,3561,10384,0,5616,403,2759,0,7026,42.061781609195407,0,0,False,35040,16704,4176,15,0.25,1444685396243.4214,328236263808.72119,401301.49895650597,91176.739946867005,492478.23890337296,21.064863837085007,24.533737157039717,549.13346568524253,perimeter_top_zn_1,0.89242432225788626,perimeter_mid_zn_1,0,core_bottom,96.334634546992348,perimeter_bot_zn_1,21.081102621856338,perimeter_bot_zn_1,16704,10864,5447,392,1,2076,3066,11561,1,5447,392,2076,1,7026,42.061781609195407,0,0,True,10920.120459744125,-2286.8065948536387,8633.313864890486,-1565.7216153634961,-7.1703291235654287,0,-3.6658866085428627,-1.814204103557973,0.83957124030452945,-0.67479659040311901,179,-169,-11,1,-683,-495,1177,1,-683,1,0,0,0,0,1.7843142333680233
core,rev01_core64,REV01-C064-050,M2,rev01_p90_bounds21_25,paperb_p90_tail_asym_relax,paperb_p90_tail_asym_relax,SCALED-96-044,guangzhou_ssp585_present_typical,present_typical,Guangzhou,ssp585,baseline_2020s,typical,2025,guangzhou|ssp585|baseline_2020s|2025,guangzhou_ssp585_present_typical,predeclared_4_anchor_sentinel_panel,stress-test grid; time horizon and weather-year selection rule are confounded; not a causal future-climate contrast,0.90000000000000002,0.20000000000000001,0.10000000000000001,21,25,23.25,23.25,4,1,0.5,1,10,33.5,0.85433300000000001,93.200000000000003,corrected,training_contract,accepted_denver,35040,16704,4176,15,0.25,1762484152638.6426,105293162044.23643,489578.93128851184,29248.100567843456,518827.03185635532,20.047204262452109,25.9183279454023,5137.527074287681,perimeter_mid_zn_1,674.80222182353202,perimeter_mid_zn_1,12.335958350140285,perimeter_mid_zn_1,0,core_bottom,0,core_bottom,16704,16155,543,0,6,1350,382,14966,6,543,0,1350,6,536,3.2088122605363987,0,0,False,35040,16704,4176,15,0.25,1806653160394.9438,104587759742.85591,501848.10010970663,29052.155484126641,530900.25559383328,21.007992097701148,24.974422294061302,2812.3891352796313,perimeter_mid_zn_1,404.02106883237121,perimeter_mid_zn_1,3.7148769910088557,perimeter_mid_zn_1,0,core_bottom,0,core_bottom,16704,16221,475,0,8,798,327,15571,8,475,0,798,8,536,3.2088122605363987,0,0,True,12269.168821194791,-195.94508371681513,12073.223737477965,-2325.1379390080497,-270.78115299116081,-8.6210813591314288,0,0,0.96078783524903955,-0.94390565134099802,66,-68,0,2,-552,-55,605,2,-552,2,0,0,0,0,2.3270228797216199
core,rev01_core64,REV01-C064-051,M2,rev01_p90_bounds21_25,paperb_p90_tail_asym_relax,paperb_p90_tail_asym_relax,SCALED-96-080,kolkata_ssp585_future_extreme,late_century_hot_extreme,Kolkata,ssp585,late_2080s,heatwave_extreme,2080,kolkata|ssp585|late_2080s|2080,kolkata_ssp585_future_extreme,predeclared_4_anchor_sentinel_panel,stress-test grid; time horizon and weather-year selection rule are confounded; not a causal future-climate contrast,0.90000000000000002,0.20000000000000001,0.10000000000000001,21,25,23.25,23.25,4,1,0.5,1,10,33.5,0.85433300000000001,93.200000000000003,corrected,training_contract,accepted_denver,35040,16704,4176,15,0.25,2276159912202.1084,89033568706.948776,632266.64227836346,24731.546863041327,656998.18914140482,20.047024664750957,25.756914511494251,11053.947493384516,perimeter_mid_zn_1,4224.2538324502821,perimeter_mid_zn_1,896.40725665169407,perimeter_mid_zn_1,0,core_bottom,0,core_bottom,16704,14675,2013,1,15,2034,1363,13292,15,2013,1,2034,15,3129,18.732040229885058,0,0,False,35040,16704,4176,15,0.25,2331635012454.5889,89112458396.376053,647676.39234849694,24753.460665660015,672429.85301415692,21.007842432950191,24.854840158045977,9949.2793497212224,perimeter_bot_zn_1,3893.1642592419612,perimeter_bot_zn_1,836.65055600346261,perimeter_mid_zn_1,0,core_bottom,0,core_bottom,16704,14856,1839,0,9,1234,995,14466,9,1839,0,1234,9,3129,18.732040229885058,0,0,True,15409.750070133479,21.913802618688351,15431.663872752106,-1104.6681436632934,-331.08957320832087,-59.756700648231458,0,0,0.96081776819923448,-0.90207435344827402,181,-174,-1,-6,-800,-368,1174,-6,-800,-6,0,0,0,0,2.3488137604943642
core,rev01_core64,REV01-C064-052,M2,rev01_p90_bounds21_25,paperb_p90_tail_asym_relax,paperb_p90_tail_asym_relax,SCALED-96-096,phoenix_ssp585_future_extreme,late_century_hot_extreme,Phoenix,ssp585,late_2080s,heatwave_extreme,2085,phoenix|ssp585|late_2080s|2085,phoenix_ssp585_future_extreme,predeclared_4_anchor_sentinel_panel,stress-test grid; time horizon and weather-year selection rule are confounded; not a causal future-climate contrast,0.90000000000000002,0.20000000000000001,0.10000000000000001,21,25,23.25,23.25,4,1,0.5,1,10,33.5,0.85433300000000001,93.200000000000003,corrected,training_contract,accepted_denver,35040,16704,4176,15,0.25,1950813321310.4031,91538649647.834839,541892.58925288974,25427.402679954121,567319.99193284381,20.047413793103448,25.892465876436781,8089.2502858511825,perimeter_bot_zn_1,2235.0735571443233,perimeter_bot_zn_1,448.2061497412281,perimeter_bot_zn_1,0,core_bottom,0,core_bottom,16704,15917,707,3,77,1438,477,14712,77,707,3,1438,77,6449,38.60751915708812,0,0,False,35040,16704,4176,15,0.25,2013546886909.2344,91243667429.734161,559318.57969700953,25345.463174926157,584664.04287193564,21.00791726532567,24.952563757183906,6341.1204280612237,perimeter_bot_zn_1,2074.5442552547552,perimeter_bot_zn_1,432.68321048001928,perimeter_bot_zn_1,0,core_bottom,0,core_bottom,16704,16080,547,3,74,793,319,15518,74,547,3,793,74,6449,38.60751915708812,0,0,True,17425.990444119787,-81.939505027963605,17344.050939091831,-1748.1298577899588,-160.52930188956816,-15.522939261208819,0,0,0.96050347222222143,-0.93990211925287426,163,-160,0,-3,-645,-158,806,-3,-645,-3,0,0,0,0,3.057190154713413
core,rev01_core64,REV01-C064-041,M2,rev01_p90_dtail005,paperb_p90_tail_asym_relax,paperb_p90_tail_asym_relax,SCALED-96-028,beijing_ssp585_present_typical,present_typical,Beijing,ssp585,baseline_2020s,typical,2026,beijing|ssp585|baseline_2020s|2026,beijing_ssp585_present_typical,predeclared_4_anchor_sentinel_panel,stress-test grid; time horizon and weather-year selection rule are confounded; not a causal future-climate contrast,0.90000000000000002,0.20000000000000001,0.050000000000000003,20,26,23.25,23.25,4,1,0.5,1,10,33.5,0.85433300000000001,93.200000000000003,corrected,training_contract,accepted_denver,35040,16704,4176,15,0.25,1405372962588.3425,336468767550.19434,390381.37849676184,93463.546541720643,483844.92503848247,20.225292596780477,25.208533747442836,2114.8550810487386,perimeter_mid_zn_1,8.062753445823315,perimeter_top_zn_4,0,core_bottom,100.00052115553521,perimeter_bot_zn_1,22.895306725414311,perimeter_bot_zn_1,16704,10685,5616,403,0,2759,3561,10384,0,5616,403,2759,0,7026,42.061781609195407,0,0,False,35040,16704,4176,15,0.25,1405372962588.3425,336468767550.19434,390381.37849676184,93463.546541720643,483844.92503848247,20.225292596780477,25.208533747442836,2114.8550810487386,perimeter_mid_zn_1,8.062753445823315,perimeter_top_zn_4,0,core_bottom,100.00052115553521,perimeter_bot_zn_1,22.895306725414311,perimeter_bot_zn_1,16704,10685,5616,403,0,2759,3561,10384,0,5616,403,2759,0,7026,42.061781609195407,0,0,True,0,0,0,0,0,0,0,0,0,0,0,0,0,0,0,0,0,0,0,0,0,0,0,0,0
core,rev01_core64,REV01-C064-042,M2,rev01_p90_dtail005,paperb_p90_tail_asym_relax,paperb_p90_tail_asym_relax,SCALED-96-044,guangzhou_ssp585_present_typical,present_typical,Guangzhou,ssp585,baseline_2020s,typical,2025,guangzhou|ssp585|baseline_2020s|2025,guangzhou_ssp585_present_typical,predeclared_4_anchor_sentinel_panel,stress-test grid; time horizon and weather-year selection rule are confounded; not a causal future-climate contrast,0.90000000000000002,0.20000000000000001,0.050000000000000003,20,26,23.25,23.25,4,1,0.5,1,10,33.5,0.85433300000000001,93.200000000000003,corrected,training_contract,accepted_denver,35040,16704,4176,15,0.25,1762484152638.6426,105293162044.23643,489578.93128851184,29248.100567843456,518827.03185635532,20.047204262452109,25.9183279454023,5137.527074287681,perimeter_mid_zn_1,674.80222182353202,perimeter_mid_zn_1,12.335958350140285,perimeter_mid_zn_1,0,core_bottom,0,core_bottom,16704,16155,543,0,6,1350,382,14966,6,543,0,1350,6,536,3.2088122605363987,0,0,False,35040,16704,4176,15,0.25,1762488966237.4021,105293161545.16132,489580.26839927834,29248.100429211478,518828.36882848979,20.047204262452109,25.918133381226053,5137.6386183969362,perimeter_mid_zn_1,674.90675537373033,perimeter_mid_zn_1,12.40560761996872,perimeter_mid_zn_1,0,core_bottom,0,core_bottom,16704,16155,546,0,3,1352,384,14965,3,546,0,1352,3,536,3.2088122605363987,0,0,True,1.3371107665007003,-0.00013863197818864137,1.3369721344788559,0.11154410925519187,0.10453355019831179,0.069649269828435223,0,0,0,-0.00019456417624752476,0,3,0,-3,2,2,-1,-3,2,-3,0,0,0,0,0.00025769130218508273
core,rev01_core64,REV01-C064-043,M2,rev01_p90_dtail005,paperb_p90_tail_asym_relax,paperb_p90_tail_asym_relax,SCALED-96-080,kolkata_ssp585_future_extreme,late_century_hot_extreme,Kolkata,ssp585,late_2080s,heatwave_extreme,2080,kolkata|ssp585|late_2080s|2080,kolkata_ssp585_future_extreme,predeclared_4_anchor_sentinel_panel,stress-test grid; time horizon and weather-year selection rule are confounded; not a causal future-climate contrast,0.90000000000000002,0.20000000000000001,0.050000000000000003,20,26,23.25,23.25,4,1,0.5,1,10,33.5,0.85433300000000001,93.200000000000003,corrected,training_contract,accepted_denver,35040,16704,4176,15,0.25,2276159912202.1084,89033568706.948776,632266.64227836346,24731.546863041327,656998.18914140482,20.047024664750957,25.756914511494251,11053.947493384516,perimeter_mid_zn_1,4224.2538324502821,perimeter_mid_zn_1,896.40725665169407,perimeter_mid_zn_1,0,core_bottom,0,core_bottom,16704,14675,2013,1,15,2034,1363,13292,15,2013,1,2034,15,3129,18.732040229885058,0,0,False,35040,16704,4176,15,0.25,2276191745136.2573,89033579995.874252,632275.4847600715,24731.54999885396,657007.03475892544,20.047024664750957,25.75667504789272,11053.923077550107,perimeter_mid_zn_1,4224.2246915305595,perimeter_mid_zn_1,896.32393086473564,perimeter_mid_zn_1,0,core_bottom,0,core_bottom,16704,14675,2020,2,7,2040,1368,13289,7,2020,2,2040,7,3129,18.732040229885058,0,0,True,8.842481708037667,0.0031358126325358171,8.8456175206229091,-0.024415834408500814,-0.029140919722522085,-0.083325786958425851,0,0,0,-0.00023946360153104251,0,7,1,-8,6,5,-3,-8,6,-8,0,0,0,0,0.0013463686303584437
core,rev01_core64,REV01-C064-044,M2,rev01_p90_dtail005,paperb_p90_tail_asym_relax,paperb_p90_tail_asym_relax,SCALED-96-096,phoenix_ssp585_future_extreme,late_century_hot_extreme,Phoenix,ssp585,late_2080s,heatwave_extreme,2085,phoenix|ssp585|late_2080s|2085,phoenix_ssp585_future_extreme,predeclared_4_anchor_sentinel_panel,stress-test grid; time horizon and weather-year selection rule are confounded; not a causal future-climate contrast,0.90000000000000002,0.20000000000000001,0.050000000000000003,20,26,23.25,23.25,4,1,0.5,1,10,33.5,0.85433300000000001,93.200000000000003,corrected,training_contract,accepted_denver,35040,16704,4176,15,0.25,1950813321310.4031,91538649647.834839,541892.58925288974,25427.402679954121,567319.99193284381,20.047413793103448,25.892465876436781,8089.2502858511825,perimeter_bot_zn_1,2235.0735571443233,perimeter_bot_zn_1,448.2061497412281,perimeter_bot_zn_1,0,core_bottom,0,core_bottom,16704,15917,707,3,77,1438,477,14712,77,707,3,1438,77,6449,38.60751915708812,0,0,False,35040,16704,4176,15,0.25,1950813623087.6475,91538600400.734299,541892.67307990207,25427.389000203973,567320.062080106,20.047353927203066,25.892166546934867,8089.274046379328,perimeter_bot_zn_1,2235.0957338906396,perimeter_bot_zn_1,448.21912415328342,perimeter_bot_zn_1,0,core_bottom,0,core_bottom,16704,15919,717,3,65,1448,481,14710,65,717,3,1448,65,6449,38.60751915708812,0,0,True,0.083827012334950268,-0.013679750147275627,0.070147262187674642,0.023760528145430726,0.022176746316290519,0.012974412055314133,0,0,-5.9865900382760628e-05,-0.00029932950191380314,2,10,0,-12,10,4,-2,-12,10,-12,0,0,0,0,1.2364673056679145e-05
core,rev01_core64,REV01-C064-045,M2,rev01_p90_dtail015,paperb_p90_tail_asym_relax,paperb_p90_tail_asym_relax,SCALED-96-028,beijing_ssp585_present_typical,present_typical,Beijing,ssp585,baseline_2020s,typical,2026,beijing|ssp585|baseline_2020s|2026,beijing_ssp585_present_typical,predeclared_4_anchor_sentinel_panel,stress-test grid; time horizon and weather-year selection rule are confounded; not a causal future-climate contrast,0.90000000000000002,0.20000000000000001,0.14999999999999999,20,26,23.25,23.25,4,1,0.5,1,10,33.5,0.85433300000000001,93.200000000000003,corrected,training_contract,accepted_denver,35040,16704,4176,15,0.25,1405372962588.3425,336468767550.19434,390381.37849676184,93463.546541720643,483844.92503848247,20.225292596780477,25.208533747442836,2114.8550810487386,perimeter_mid_zn_1,8.062753445823315,perimeter_top_zn_4,0,core_bottom,100.00052115553521,perimeter_bot_zn_1,22.895306725414311,perimeter_bot_zn_1,16704,10685,5616,403,0,2759,3561,10384,0,5616,403,2759,0,7026,42.061781609195407,0,0,False,35040,16704,4176,15,0.25,1405461998306.1226,336479134275.38574,390406.11064058961,93466.426187607154,483872.53682819678,20.227762065171284,25.209401802998393,2114.6704631440371,perimeter_mid_zn_1,8.0627534458251482,perimeter_top_zn_4,0,core_bottom,99.857339548032556,perimeter_bot_zn_1,22.866440141744842,perimeter_bot_zn_1,16704,10676,5474,406,148,2744,3483,10329,148,5474,406,2744,148,7026,42.061781609195407,0,0,True,24.732143827772234,2.8796458865108434,27.611789714312181,-0.18461790470155393,1.8332002582610585e-12,0,-0.14318160750265463,-0.028866583669469037,0.0024694683908066395,0.00086805555555713454,-9,-142,3,148,-15,-78,-55,148,-15,148,0,0,0,0,0.0057067436869604627
core,rev01_core64,REV01-C064-046,M2,rev01_p90_dtail015,paperb_p90_tail_asym_relax,paperb_p90_tail_asym_relax,SCALED-96-044,guangzhou_ssp585_present_typical,present_typical,Guangzhou,ssp585,baseline_2020s,typical,2025,guangzhou|ssp585|baseline_2020s|2025,guangzhou_ssp585_present_typical,predeclared_4_anchor_sentinel_panel,stress-test grid; time horizon and weather-year selection rule are confounded; not a causal future-climate contrast,0.90000000000000002,0.20000000000000001,0.14999999999999999,20,26,23.25,23.25,4,1,0.5,1,10,33.5,0.85433300000000001,93.200000000000003,corrected,training_contract,accepted_denver,35040,16704,4176,15,0.25,1762484152638.6426,105293162044.23643,489578.93128851184,29248.100567843456,518827.03185635532,20.047204262452109,25.9183279454023,5137.527074287681,perimeter_mid_zn_1,674.80222182353202,perimeter_mid_zn_1,12.335958350140285,perimeter_mid_zn_1,0,core_bottom,0,core_bottom,16704,16155,543,0,6,1350,382,14966,6,543,0,1350,6,536,3.2088122605363987,0,0,False,35040,16704,4176,15,0.25,1762475537054.0081,105293436864.84149,489576.53807055781,29248.176906900415,518824.71497745824,20.047204262452109,25.919854525862068,5137.5648747559208,perimeter_mid_zn_1,674.51566689324136,perimeter_mid_zn_1,12.222450986735911,perimeter_mid_zn_1,0,core_bottom,0,core_bottom,16704,16155,503,0,46,1336,349,14973,46,503,0,1336,46,536,3.2088122605363987,0,0,True,-2.3932179540279321,0.076339056959113805,-2.3168788970797323,0.037800468239765905,-0.28655493029066292,-0.11350736340437351,0,0,0,0.0015265804597675015,0,-40,0,40,-14,-33,7,40,-14,40,0,0,0,0,-0.00044656094513618045
core,rev01_core64,REV01-C064-047,M2,rev01_p90_dtail015,paperb_p90_tail_asym_relax,paperb_p90_tail_asym_relax,SCALED-96-080,kolkata_ssp585_future_extreme,late_century_hot_extreme,Kolkata,ssp585,late_2080s,heatwave_extreme,2080,kolkata|ssp585|late_2080s|2080,kolkata_ssp585_future_extreme,predeclared_4_anchor_sentinel_panel,stress-test grid; time horizon and weather-year selection rule are confounded; not a causal future-climate contrast,0.90000000000000002,0.20000000000000001,0.14999999999999999,20,26,23.25,23.25,4,1,0.5,1,10,33.5,0.85433300000000001,93.200000000000003,corrected,training_contract,accepted_denver,35040,16704,4176,15,0.25,2276159912202.1084,89033568706.948776,632266.64227836346,24731.546863041327,656998.18914140482,20.047024664750957,25.756914511494251,11053.947493384516,perimeter_mid_zn_1,4224.2538324502821,perimeter_mid_zn_1,896.40725665169407,perimeter_mid_zn_1,0,core_bottom,0,core_bottom,16704,14675,2013,1,15,2034,1363,13292,15,2013,1,2034,15,3129,18.732040229885058,0,0,False,35040,16704,4176,15,0.25,2276111543603.6577,89033572640.779816,632253.20655657153,24731.54795577217,656984.75451234367,20.04708453065134,25.757767600574713,11053.411175907268,perimeter_mid_zn_1,4223.7010372903333,perimeter_mid_zn_1,895.98026834232235,perimeter_mid_zn_1,0,core_bottom,0,core_bottom,16704,14674,1979,0,51,2012,1339,13302,51,1979,0,2012,51,3129,18.732040229885058,0,0,True,-13.435721791931428,0.0010927308430837002,-13.434629061142914,-0.53631747724830348,-0.55279515994880057,-0.42698830937172261,0,0,5.9865900382760628e-05,0.00085308908046144438,-1,-34,-1,36,-22,-24,10,36,-22,36,0,0,0,0,-0.0020448502420836044
core,rev01_core64,REV01-C064-048,M2,rev01_p90_dtail015,paperb_p90_tail_asym_relax,paperb_p90_tail_asym_relax,SCALED-96-096,phoenix_ssp585_future_extreme,late_century_hot_extreme,Phoenix,ssp585,late_2080s,heatwave_extreme,2085,phoenix|ssp585|late_2080s|2085,phoenix_ssp585_future_extreme,predeclared_4_anchor_sentinel_panel,stress-test grid; time horizon and weather-year selection rule are confounded; not a causal future-climate contrast,0.90000000000000002,0.20000000000000001,0.14999999999999999,20,26,23.25,23.25,4,1,0.5,1,10,33.5,0.85433300000000001,93.200000000000003,corrected,training_contract,accepted_denver,35040,16704,4176,15,0.25,1950813321310.4031,91538649647.834839,541892.58925288974,25427.402679954121,567319.99193284381,20.047413793103448,25.892465876436781,8089.2502858511825,perimeter_bot_zn_1,2235.0735571443233,perimeter_bot_zn_1,448.2061497412281,perimeter_bot_zn_1,0,core_bottom,0,core_bottom,16704,15917,707,3,77,1438,477,14712,77,707,3,1438,77,6449,38.60751915708812,0,0,False,35040,16704,4176,15,0.25,1950814783206.9224,91538649067.186813,541892.99533525622,25427.402518663002,567320.39785391919,20.047294061302683,25.893079501915707,8089.3062710944005,perimeter_bot_zn_1,2235.2062218994802,perimeter_bot_zn_1,448.2209090327172,perimeter_bot_zn_1,0,core_bottom,0,core_bottom,16704,15918,701,0,85,1436,472,14711,85,701,0,1436,85,6449,38.60751915708812,0,0,True,0.40608236647676677,-0.00016129111827467568,0.40592107537668198,0.055985243217946845,0.13266475515683851,0.014759291489099269,0,0,-0.00011973180076552126,0.00061362547892684915,1,-6,-3,8,-2,-5,-1,8,-2,8,0,0,0,0,7.1550638290344737e-05
core,rev01_core64,REV01-C064-033,M2,rev01_p90_ptail015,paperb_p90_tail_asym_relax,paperb_p90_tail_asym_relax,SCALED-96-028,beijing_ssp585_present_typical,present_typical,Beijing,ssp585,baseline_2020s,typical,2026,beijing|ssp585|baseline_2020s|2026,beijing_ssp585_present_typical,predeclared_4_anchor_sentinel_panel,stress-test grid; time horizon and weather-year selection rule are confounded; not a causal future-climate contrast,0.90000000000000002,0.14999999999999999,0.10000000000000001,20,26,23.25,23.25,4,1,0.5,1,10,33.5,0.85433300000000001,93.200000000000003,corrected,training_contract,accepted_denver,35040,16704,4176,15,0.25,1405372962588.3425,336468767550.19434,390381.37849676184,93463.546541720643,483844.92503848247,20.225292596780477,25.208533747442836,2114.8550810487386,perimeter_mid_zn_1,8.062753445823315,perimeter_top_zn_4,0,core_bottom,100.00052115553521,perimeter_bot_zn_1,22.895306725414311,perimeter_bot_zn_1,16704,10685,5616,403,0,2759,3561,10384,0,5616,403,2759,0,7026,42.061781609195407,0,0,False,35040,16704,4176,15,0.25,1431204635014.615,325044516969.66724,397556.84305961529,90290.143602685348,487846.98666230065,20.55543569586743,24.8429009923533,1959.2763591012053,perimeter_top_zn_4,7.5431536075195105,perimeter_top_zn_4,0,core_bottom,94.954039756997233,perimeter_bot_zn_1,20.371968055128473,perimeter_bot_zn_1,16704,8619,7306,397,382,2761,5171,8390,382,7306,397,2761,382,7026,42.061781609195407,0,0,True,7175.464562853449,-3173.4029390352953,4002.0616238181829,-155.57872194753327,-0.51959983830380452,0,-5.0464813985379777,-2.5233386702858382,0.33014309908695338,-0.36563275508953552,-2066,1690,-6,382,2,1610,-1994,382,2,382,0,0,0,0,0.82713725342885014
core,rev01_core64,REV01-C064-034,M2,rev01_p90_ptail015,paperb_p90_tail_asym_relax,paperb_p90_tail_asym_relax,SCALED-96-044,guangzhou_ssp585_present_typical,present_typical,Guangzhou,ssp585,baseline_2020s,typical,2025,guangzhou|ssp585|baseline_2020s|2025,guangzhou_ssp585_present_typical,predeclared_4_anchor_sentinel_panel,stress-test grid; time horizon and weather-year selection rule are confounded; not a causal future-climate contrast,0.90000000000000002,0.14999999999999999,0.10000000000000001,20,26,23.25,23.25,4,1,0.5,1,10,33.5,0.85433300000000001,93.200000000000003,corrected,training_contract,accepted_denver,35040,16704,4176,15,0.25,1762484152638.6426,105293162044.23643,489578.93128851184,29248.100567843456,518827.03185635532,20.047204262452109,25.9183279454023,5137.527074287681,perimeter_mid_zn_1,674.80222182353202,perimeter_mid_zn_1,12.335958350140285,perimeter_mid_zn_1,0,core_bottom,0,core_bottom,16704,16155,543,0,6,1350,382,14966,6,543,0,1350,6,536,3.2088122605363987,0,0,False,35040,16704,4176,15,0.25,1772359906668.3318,105107218770.48544,492322.19629675883,29196.44965846818,521518.64595522702,20.058039990421456,25.756869612068964,4928.5732183209439,perimeter_mid_zn_1,677.10113226191311,perimeter_mid_zn_1,14.761946010991917,perimeter_mid_zn_1,0,core_bottom,0,core_bottom,16704,14634,1975,1,94,1993,1305,13312,94,1975,1,1993,94,536,3.2088122605363987,0,0,True,2743.2650082469918,-51.65090937527566,2691.6140988717088,-208.95385596673714,2.2989104383810854,2.4259876608516322,0,0,0.010835727969347175,-0.1614583333333357,-1521,1432,1,88,643,923,-1654,88,643,88,0,0,0,0,0.51878833090888765
core,rev01_core64,REV01-C064-035,M2,rev01_p90_ptail015,paperb_p90_tail_asym_relax,paperb_p90_tail_asym_relax,SCALED-96-080,kolkata_ssp585_future_extreme,late_century_hot_extreme,Kolkata,ssp585,late_2080s,heatwave_extreme,2080,kolkata|ssp585|late_2080s|2080,kolkata_ssp585_future_extreme,predeclared_4_anchor_sentinel_panel,stress-test grid; time horizon and weather-year selection rule are confounded; not a causal future-climate contrast,0.90000000000000002,0.14999999999999999,0.10000000000000001,20,26,23.25,23.25,4,1,0.5,1,10,33.5,0.85433300000000001,93.200000000000003,corrected,training_contract,accepted_denver,35040,16704,4176,15,0.25,2276159912202.1084,89033568706.948776,632266.64227836346,24731.546863041327,656998.18914140482,20.047024664750957,25.756914511494251,11053.947493384516,perimeter_mid_zn_1,4224.2538324502821,perimeter_mid_zn_1,896.40725665169407,perimeter_mid_zn_1,0,core_bottom,0,core_bottom,16704,14675,2013,1,15,2034,1363,13292,15,2013,1,2034,15,3129,18.732040229885058,0,0,False,35040,16704,4176,15,0.25,2281311678410.6519,89029506565.167038,633697.68844740326,24730.418490324177,658428.10693772743,20.055077563757184,25.530385686063219,11017.069760175882,perimeter_mid_zn_1,4228.6511231698041,perimeter_mid_zn_1,904.9228956195825,perimeter_mid_zn_1,0,core_bottom,0,core_bottom,16704,12914,3691,2,97,2622,2205,11780,97,3691,2,2622,97,3129,18.732040229885058,0,0,True,1431.0461690397933,-1.1283727171503415,1429.9177963226102,-36.877733208633799,4.3972907195220614,8.5156389678884352,0,0,0.0080528990062269656,-0.22652882543103203,-1761,1678,1,82,588,842,-1512,82,588,82,0,0,0,0,0.21764410008363827
core,rev01_core64,REV01-C064-036,M2,rev01_p90_ptail015,paperb_p90_tail_asym_relax,paperb_p90_tail_asym_relax,SCALED-96-096,phoenix_ssp585_future_extreme,late_century_hot_extreme,Phoenix,ssp585,late_2080s,heatwave_extreme,2085,phoenix|ssp585|late_2080s|2085,phoenix_ssp585_future_extreme,predeclared_4_anchor_sentinel_panel,stress-test grid; time horizon and weather-year selection rule are confounded; not a causal future-climate contrast,0.90000000000000002,0.14999999999999999,0.10000000000000001,20,26,23.25,23.25,4,1,0.5,1,10,33.5,0.85433300000000001,93.200000000000003,corrected,training_contract,accepted_denver,35040,16704,4176,15,0.25,1950813321310.4031,91538649647.834839,541892.58925288974,25427.402679954121,567319.99193284381,20.047413793103448,25.892465876436781,8089.2502858511825,perimeter_bot_zn_1,2235.0735571443233,perimeter_bot_zn_1,448.2061497412281,perimeter_bot_zn_1,0,core_bottom,0,core_bottom,16704,15917,707,3,77,1438,477,14712,77,707,3,1438,77,6449,38.60751915708812,0,0,False,35040,16704,4176,15,0.25,1963690237803.7356,91795970595.648056,545469.5105010377,25498.880721013349,570968.391222051,20.051305076628353,25.722775981800766,7895.4354043577769,perimeter_bot_zn_1,2220.7540136687162,perimeter_bot_zn_1,453.86917407164947,perimeter_bot_zn_1,0,core_bottom,0,core_bottom,16704,13719,2699,1,285,2468,1845,12106,285,2699,1,2468,285,6449,38.60751915708812,0,0,True,3576.9212481479626,71.478041059228417,3648.3992892071838,-193.81488149340566,-14.319543475607134,5.663024330421365,0,0,0.0038912835249043098,-0.16968989463601503,-2198,1992,-2,208,1030,1368,-2606,208,1030,208,0,0,0,0,0.64309372859877301
core,rev01_core64,REV01-C064-037,M2,rev01_p90_ptail025,paperb_p90_tail_asym_relax,paperb_p90_tail_asym_relax,SCALED-96-028,beijing_ssp585_present_typical,present_typical,Beijing,ssp585,baseline_2020s,typical,2026,beijing|ssp585|baseline_2020s|2026,beijing_ssp585_present_typical,predeclared_4_anchor_sentinel_panel,stress-test grid; time horizon and weather-year selection rule are confounded; not a causal future-climate contrast,0.90000000000000002,0.25,0.10000000000000001,20,26,23.25,23.25,4,1,0.5,1,10,33.5,0.85433300000000001,93.200000000000003,corrected,training_contract,accepted_denver,35040,16704,4176,15,0.25,1405372962588.3425,336468767550.19434,390381.37849676184,93463.546541720643,483844.92503848247,20.225292596780477,25.208533747442836,2114.8550810487386,perimeter_mid_zn_1,8.062753445823315,perimeter_top_zn_4,0,core_bottom,100.00052115553521,perimeter_bot_zn_1,22.895306725414311,perimeter_bot_zn_1,16704,10685,5616,403,0,2759,3561,10384,0,5616,403,2759,0,7026,42.061781609195407,0,0,False,35040,16704,4176,15,0.25,1397339721083.1667,339260215301.48938,388149.92252310185,94238.948694858162,482388.87121796003,20.127910957482584,25.302973867832929,2149.7423607714263,perimeter_mid_zn_1,8.0720264404670221,perimeter_top_zn_4,0,core_bottom,102.102446379385,perimeter_bot_zn_1,23.481462156649748,perimeter_bot_zn_1,16704,11550,5036,118,0,2681,2936,11087,0,5036,118,2681,0,7026,42.061781609195407,0,0,True,-2231.4559736599913,775.40215313751833,-1456.0538205224439,34.887279722687708,0.009272994643707122,0,2.1019252238497899,0.58615543123543645,-0.09738163929789323,0.094440120390093085,865,-580,-285,0,-78,-625,703,0,-78,0,0,0,0,0,-0.30093398631940532
core,rev01_core64,REV01-C064-038,M2,rev01_p90_ptail025,paperb_p90_tail_asym_relax,paperb_p90_tail_asym_relax,SCALED-96-044,guangzhou_ssp585_present_typical,present_typical,Guangzhou,ssp585,baseline_2020s,typical,2025,guangzhou|ssp585|baseline_2020s|2025,guangzhou_ssp585_present_typical,predeclared_4_anchor_sentinel_panel,stress-test grid; time horizon and weather-year selection rule are confounded; not a causal future-climate contrast,0.90000000000000002,0.25,0.10000000000000001,20,26,23.25,23.25,4,1,0.5,1,10,33.5,0.85433300000000001,93.200000000000003,corrected,training_contract,accepted_denver,35040,16704,4176,15,0.25,1762484152638.6426,105293162044.23643,489578.93128851184,29248.100567843456,518827.03185635532,20.047204262452109,25.9183279454023,5137.527074287681,perimeter_mid_zn_1,674.80222182353202,perimeter_mid_zn_1,12.335958350140285,perimeter_mid_zn_1,0,core_bottom,0,core_bottom,16704,16155,543,0,6,1350,382,14966,6,543,0,1350,6,536,3.2088122605363987,0,0,False,35040,16704,4176,15,0.25,1762282434414.9875,105468073170.46896,489522.89844860765,29296.686991796934,518819.5854404046,20.046994731800766,25.928624880268199,5149.253642384293,perimeter_mid_zn_1,674.21692323690445,perimeter_mid_zn_1,11.827559153436109,perimeter_mid_zn_1,0,core_bottom,0,core_bottom,16704,16314,390,0,0,1275,271,15158,0,390,0,1275,0,536,3.2088122605363987,0,0,True,-56.032839904190041,48.586423953478516,-7.4464159507188015,11.726568096612027,-0.58529858662757306,-0.50839919670417544,0,0,-0.00020953065134321491,0.010296934865898777,159,-153,0,-6,-75,-111,192,-6,-75,-6,0,0,0,0,-0.0014352405509935821
core,rev01_core64,REV01-C064-039,M2,rev01_p90_ptail025,paperb_p90_tail_asym_relax,paperb_p90_tail_asym_relax,SCALED-96-080,kolkata_ssp585_future_extreme,late_century_hot_extreme,Kolkata,ssp585,late_2080s,heatwave_extreme,2080,kolkata|ssp585|late_2080s|2080,kolkata_ssp585_future_extreme,predeclared_4_anchor_sentinel_panel,stress-test grid; time horizon and weather-year selection rule are confounded; not a causal future-climate contrast,0.90000000000000002,0.25,0.10000000000000001,20,26,23.25,23.25,4,1,0.5,1,10,33.5,0.85433300000000001,93.200000000000003,corrected,training_contract,accepted_denver,35040,16704,4176,15,0.25,2276159912202.1084,89033568706.948776,632266.64227836346,24731.546863041327,656998.18914140482,20.047024664750957,25.756914511494251,11053.947493384516,perimeter_mid_zn_1,4224.2538324502821,perimeter_mid_zn_1,896.40725665169407,perimeter_mid_zn_1,0,core_bottom,0,core_bottom,16704,14675,2013,1,15,2034,1363,13292,15,2013,1,2034,15,3129,18.732040229885058,0,0,False,35040,16704,4176,15,0.25,2275435896778.7627,89033539086.479462,632065.52688298968,24731.538635133184,656797.06551812286,20.046875,25.795872246168582,11050.491347433266,perimeter_mid_zn_1,4219.4506997441958,perimeter_mid_zn_1,893.10953141040454,perimeter_mid_zn_1,0,core_bottom,0,core_bottom,16704,15134,1566,0,4,1828,1068,13804,4,1566,0,1828,4,3129,18.732040229885058,0,0,True,-201.11539537378121,-0.0082279081434535328,-201.12362328195013,-3.4561459512497095,-4.8031327060862168,-3.2977252412895268,0,0,-0.00014966475095690157,0.038957734674330169,459,-447,-1,-11,-206,-295,512,-11,-206,-11,0,0,0,0,-0.030612508010834497
core,rev01_core64,REV01-C064-040,M2,rev01_p90_ptail025,paperb_p90_tail_asym_relax,paperb_p90_tail_asym_relax,SCALED-96-096,phoenix_ssp585_future_extreme,late_century_hot_extreme,Phoenix,ssp585,late_2080s,heatwave_extreme,2085,phoenix|ssp585|late_2080s|2085,phoenix_ssp585_future_extreme,predeclared_4_anchor_sentinel_panel,stress-test grid; time horizon and weather-year selection rule are confounded; not a causal future-climate contrast,0.90000000000000002,0.25,0.10000000000000001,20,26,23.25,23.25,4,1,0.5,1,10,33.5,0.85433300000000001,93.200000000000003,corrected,training_contract,accepted_denver,35040,16704,4176,15,0.25,1950813321310.4031,91538649647.834839,541892.58925288974,25427.402679954121,567319.99193284381,20.047413793103448,25.892465876436781,8089.2502858511825,perimeter_bot_zn_1,2235.0735571443233,perimeter_bot_zn_1,448.2061497412281,perimeter_bot_zn_1,0,core_bottom,0,core_bottom,16704,15917,707,3,77,1438,477,14712,77,707,3,1438,77,6449,38.60751915708812,0,0,False,35040,16704,4176,15,0.25,1949911486451.9946,91516917462.390182,541642.07956999855,25421.365961775049,567063.44553177361,20.047144396551722,25.922518558429118,8088.3149768785788,perimeter_bot_zn_1,2229.1487473468169,perimeter_bot_zn_1,443.83258187269632,perimeter_bot_zn_1,0,core_bottom,0,core_bottom,16704,16233,417,3,51,1289,295,15069,51,417,3,1289,51,6449,38.60751915708812,0,0,True,-250.50968289119191,-6.0367181790716131,-256.54640107019804,-0.93530897260370693,-5.9248097975064411,-4.3735678685317794,0,0,-0.00026939655172597554,0.030052681992337682,316,-290,0,-26,-149,-182,357,-26,-149,-26,0,0,0,0,-0.045220758076258062
core,rev01_core64,REV01-C064-025,M2,rev01_p90_q075,paperb_p90_tail_asym_relax,paperb_p90_tail_asym_relax,SCALED-96-028,beijing_ssp585_present_typical,present_typical,Beijing,ssp585,baseline_2020s,typical,2026,beijing|ssp585|baseline_2020s|2026,beijing_ssp585_present_typical,predeclared_4_anchor_sentinel_panel,stress-test grid; time horizon and weather-year selection rule are confounded; not a causal future-climate contrast,0.75,0.20000000000000001,0.10000000000000001,20,26,23.25,23.25,4,1,0.5,1,10,33.5,0.85433300000000001,93.200000000000003,corrected,training_contract,accepted_denver,35040,16704,4176,15,0.25,1405372962588.3425,336468767550.19434,390381.37849676184,93463.546541720643,483844.92503848247,20.225292596780477,25.208533747442836,2114.8550810487386,perimeter_mid_zn_1,8.062753445823315,perimeter_top_zn_4,0,core_bottom,100.00052115553521,perimeter_bot_zn_1,22.895306725414311,perimeter_bot_zn_1,16704,10685,5616,403,0,2759,3561,10384,0,5616,403,2759,0,7026,42.061781609195407,0,0,False,35040,16704,4176,15,0.25,1393135819631.0112,347562498599.97711,386982.17211972532,96545.138499993642,483527.31061971898,20.060419659961685,25.530187380268199,2222.5473193324983,perimeter_mid_zn_1,8.1204731239348682,perimeter_top_zn_4,0,core_bottom,93.192775901180624,perimeter_bot_zn_1,21.008165097166732,perimeter_bot_zn_1,16704,12993,3613,98,0,2534,2206,11964,0,3613,98,2534,0,7026,42.061781609195407,0,0,True,-3399.2063770365203,3081.5919582729985,-317.61441876349272,107.69223828375971,0.057719678111553208,0,-6.807745254354586,-1.8871416282475799,-0.16487293681879223,0.32165363282536319,2308,-2003,-305,0,-225,-1355,1580,0,-225,0,0,0,0,0,-0.065643846267113656
core,rev01_core64,REV01-C064-026,M2,rev01_p90_q075,paperb_p90_tail_asym_relax,paperb_p90_tail_asym_relax,SCALED-96-044,guangzhou_ssp585_present_typical,present_typical,Guangzhou,ssp585,baseline_2020s,typical,2025,guangzhou|ssp585|baseline_2020s|2025,guangzhou_ssp585_present_typical,predeclared_4_anchor_sentinel_panel,stress-test grid; time horizon and weather-year selection rule are confounded; not a causal future-climate contrast,0.75,0.20000000000000001,0.10000000000000001,20,26,23.25,23.25,4,1,0.5,1,10,33.5,0.85433300000000001,93.200000000000003,corrected,training_contract,accepted_denver,35040,16704,4176,15,0.25,1762484152638.6426,105293162044.23643,489578.93128851184,29248.100567843456,518827.03185635532,20.047204262452109,25.9183279454023,5137.527074287681,perimeter_mid_zn_1,674.80222182353202,perimeter_mid_zn_1,12.335958350140285,perimeter_mid_zn_1,0,core_bottom,0,core_bottom,16704,16155,543,0,6,1350,382,14966,6,543,0,1350,6,536,3.2088122605363987,0,0,False,35040,16704,4176,15,0.25,1761456472519.9331,105826893385.6942,489293.46458887029,29396.359273803944,518689.82386267424,20.046934865900383,25.948769755747126,5158.4367247500395,perimeter_mid_zn_1,669.43790388617037,perimeter_mid_zn_1,10.099147647433954,perimeter_mid_zn_1,0,core_bottom,0,core_bottom,16704,16622,82,0,0,1106,51,15547,0,82,0,1106,0,536,3.2088122605363987,0,0,True,-285.46669964154717,148.25870596048844,-137.20799368107691,20.909650462358513,-5.3643179373616476,-2.2368107027063306,0,0,-0.00026939655172597554,0.030441810344825626,467,-461,0,-6,-244,-331,581,-6,-244,-6,0,0,0,0,-0.02644580664776636
core,rev01_core64,REV01-C064-027,M2,rev01_p90_q075,paperb_p90_tail_asym_relax,paperb_p90_tail_asym_relax,SCALED-96-080,kolkata_ssp585_future_extreme,late_century_hot_extreme,Kolkata,ssp585,late_2080s,heatwave_extreme,2080,kolkata|ssp585|late_2080s|2080,kolkata_ssp585_future_extreme,predeclared_4_anchor_sentinel_panel,stress-test grid; time horizon and weather-year selection rule are confounded; not a causal future-climate contrast,0.75,0.20000000000000001,0.10000000000000001,20,26,23.25,23.25,4,1,0.5,1,10,33.5,0.85433300000000001,93.200000000000003,corrected,training_contract,accepted_denver,35040,16704,4176,15,0.25,2276159912202.1084,89033568706.948776,632266.64227836346,24731.546863041327,656998.18914140482,20.047024664750957,25.756914511494251,11053.947493384516,perimeter_mid_zn_1,4224.2538324502821,perimeter_mid_zn_1,896.40725665169407,perimeter_mid_zn_1,0,core_bottom,0,core_bottom,16704,14675,2013,1,15,2034,1363,13292,15,2013,1,2034,15,3129,18.732040229885058,0,0,False,35040,16704,4176,15,0.25,2274208714316.9395,89030199888.98291,631724.64286581648,24730.611080273029,656455.25394608954,20.046875,25.902478448275861,11038.839684580589,perimeter_mid_zn_1,4207.4634262836489,perimeter_mid_zn_1,884.96098087400378,perimeter_mid_zn_1,0,core_bottom,0,core_bottom,16704,16021,683,0,0,1430,460,14814,0,683,0,1430,0,3129,18.732040229885058,0,0,True,-541.99941254698206,-0.93578276829794049,-542.93519531528,-15.107808803926673,-16.790406166633147,-11.446275777690289,0,0,-0.00014966475095690157,0.14556393678160973,1346,-1330,-1,-15,-604,-903,1522,-15,-604,-15,0,0,0,0,-0.082638765873131625
core,rev01_core64,REV01-C064-028,M2,rev01_p90_q075,paperb_p90_tail_asym_relax,paperb_p90_tail_asym_relax,SCALED-96-096,phoenix_ssp585_future_extreme,late_century_hot_extreme,Phoenix,ssp585,late_2080s,heatwave_extreme,2085,phoenix|ssp585|late_2080s|2085,phoenix_ssp585_future_extreme,predeclared_4_anchor_sentinel_panel,stress-test grid; time horizon and weather-year selection rule are confounded; not a causal future-climate contrast,0.75,0.20000000000000001,0.10000000000000001,20,26,23.25,23.25,4,1,0.5,1,10,33.5,0.85433300000000001,93.200000000000003,corrected,training_contract,accepted_denver,35040,16704,4176,15,0.25,1950813321310.4031,91538649647.834839,541892.58925288974,25427.402679954121,567319.99193284381,20.047413793103448,25.892465876436781,8089.2502858511825,perimeter_bot_zn_1,2235.0735571443233,perimeter_bot_zn_1,448.2061497412281,perimeter_bot_zn_1,0,core_bottom,0,core_bottom,16704,15917,707,3,77,1438,477,14712,77,707,3,1438,77,6449,38.60751915708812,0,0,False,35040,16704,4176,15,0.25,1949163963119.2478,91508665834.389862,541434.43419979105,25419.073842886071,566853.50804267707,20.046875,25.949443247126435,8089.0981280518117,perimeter_bot_zn_1,2228.9696743200061,perimeter_bot_zn_1,442.43466068888108,perimeter_bot_zn_1,0,core_bottom,0,core_bottom,16704,16624,77,0,3,1096,51,15554,3,77,0,1096,3,6449,38.60751915708812,0,0,True,-458.15505309868604,-8.3288370680493244,-466.483890166739,-0.15215779937079787,-6.1038828243172247,-5.7714890523470217,0,0,-0.00053879310344839837,0.056977370689654805,707,-630,-3,-74,-342,-426,842,-74,-342,-74,0,0,0,0,-0.082225886060782211
core,rev01_core64,REV01-C064-029,M2,rev01_p90_q100,paperb_p90_tail_asym_relax,paperb_p90_tail_asym_relax,SCALED-96-028,beijing_ssp585_present_typical,present_typical,Beijing,ssp585,baseline_2020s,typical,2026,beijing|ssp585|baseline_2020s|2026,beijing_ssp585_present_typical,predeclared_4_anchor_sentinel_panel,stress-test grid; time horizon and weather-year selection rule are confounded; not a causal future-climate contrast,1,0.20000000000000001,0.10000000000000001,20,26,23.25,23.25,4,1,0.5,1,10,33.5,0.85433300000000001,93.200000000000003,corrected,training_contract,accepted_denver,35040,16704,4176,15,0.25,1405372962588.3425,336468767550.19434,390381.37849676184,93463.546541720643,483844.92503848247,20.225292596780477,25.208533747442836,2114.8550810487386,perimeter_mid_zn_1,8.062753445823315,perimeter_top_zn_4,0,core_bottom,100.00052115553521,perimeter_bot_zn_1,22.895306725414311,perimeter_bot_zn_1,16704,10685,5616,403,0,2759,3561,10384,0,5616,403,2759,0,7026,42.061781609195407,0,0,False,35040,16704,4176,15,0.25,1415280234555.7197,326323164022.90656,393133.39848769992,90645.323339696261,483778.72182739619,20.425371418510817,24.919942187166761,2069.3175898665813,perimeter_mid_zn_1,8.0448711882670025,perimeter_top_zn_4,0,core_bottom,102.94636286604624,perimeter_bot_zn_1,23.313490564053438,perimeter_bot_zn_1,16704,9367,7069,268,0,2609,4497,9598,0,7069,268,2609,0,7026,42.061781609195407,0,0,True,2752.0199909380754,-2818.2232020243828,-66.203211086278316,-45.537491182157282,-0.017882257556312453,0,2.9458417105110328,0.418183838639127,0.2000788217303402,-0.28859156027607469,-1318,1453,-135,0,-150,936,-786,0,-150,0,0,0,0,0,-0.013682733384257954
core,rev01_core64,REV01-C064-030,M2,rev01_p90_q100,paperb_p90_tail_asym_relax,paperb_p90_tail_asym_relax,SCALED-96-044,guangzhou_ssp585_present_typical,present_typical,Guangzhou,ssp585,baseline_2020s,typical,2025,guangzhou|ssp585|baseline_2020s|2025,guangzhou_ssp585_present_typical,predeclared_4_anchor_sentinel_panel,stress-test grid; time horizon and weather-year selection rule are confounded; not a causal future-climate contrast,1,0.20000000000000001,0.10000000000000001,20,26,23.25,23.25,4,1,0.5,1,10,33.5,0.85433300000000001,93.200000000000003,corrected,training_contract,accepted_denver,35040,16704,4176,15,0.25,1762484152638.6426,105293162044.23643,489578.93128851184,29248.100567843456,518827.03185635532,20.047204262452109,25.9183279454023,5137.527074287681,perimeter_mid_zn_1,674.80222182353202,perimeter_mid_zn_1,12.335958350140285,perimeter_mid_zn_1,0,core_bottom,0,core_bottom,16704,16155,543,0,6,1350,382,14966,6,543,0,1350,6,536,3.2088122605363987,0,0,False,35040,16704,4176,15,0.25,1764409202844.5369,104998819439.21909,490113.66745681578,29166.338733116412,519280.00618993217,20.051409841954023,25.866094947318008,5095.1179217112322,perimeter_mid_zn_1,677.08832046364091,perimeter_mid_zn_1,13.355083973371507,perimeter_mid_zn_1,0,core_bottom,0,core_bottom,16704,15491,1191,1,21,1667,855,14161,21,1191,1,1667,21,536,3.2088122605363987,0,0,True,534.73616830393439,-81.761834727043606,452.97433357685804,-42.409152576448832,2.2860986401088894,1.019125623231222,0,0,0.0042055795019138031,-0.052232998084292603,-664,648,1,15,317,473,-805,15,317,15,0,0,0,0,0.087307388737268121
core,rev01_core64,REV01-C064-031,M2,rev01_p90_q100,paperb_p90_tail_asym_relax,paperb_p90_tail_asym_relax,SCALED-96-080,kolkata_ssp585_future_extreme,late_century_hot_extreme,Kolkata,ssp585,late_2080s,heatwave_extreme,2080,kolkata|ssp585|late_2080s|2080,kolkata_ssp585_future_extreme,predeclared_4_anchor_sentinel_panel,stress-test grid; time horizon and weather-year selection rule are confounded; not a causal future-climate contrast,1,0.20000000000000001,0.10000000000000001,20,26,23.25,23.25,4,1,0.5,1,10,33.5,0.85433300000000001,93.200000000000003,corrected,training_contract,accepted_denver,35040,16704,4176,15,0.25,2276159912202.1084,89033568706.948776,632266.64227836346,24731.546863041327,656998.18914140482,20.047024664750957,25.756914511494251,11053.947493384516,perimeter_mid_zn_1,4224.2538324502821,perimeter_mid_zn_1,896.40725665169407,perimeter_mid_zn_1,0,core_bottom,0,core_bottom,16704,14675,2013,1,15,2034,1363,13292,15,2013,1,2034,15,3129,18.732040229885058,0,0,False,35040,16704,4176,15,0.25,2278358359308.5166,89033826616.329254,632877.32203014346,24731.618504535905,657608.94053467934,20.050077825670499,25.662984913793103,11057.783863528635,perimeter_mid_zn_1,4233.9023873873439,perimeter_mid_zn_1,900.6888243733938,perimeter_mid_zn_1,0,core_bottom,0,core_bottom,16704,13611,2976,13,104,2482,1917,12201,104,2976,13,2482,104,3129,18.732040229885058,0,0,True,610.67975178000052,0.071641494578216225,610.75139327452052,3.836370144119428,9.6485549370618173,4.2815677216997301,0,0,0.0030531609195421083,-0.093929597701148282,-1064,963,12,89,448,554,-1091,89,448,89,0,0,0,0,0.092960894469538535
core,rev01_core64,REV01-C064-032,M2,rev01_p90_q100,paperb_p90_tail_asym_relax,paperb_p90_tail_asym_relax,SCALED-96-096,phoenix_ssp585_future_extreme,late_century_hot_extreme,Phoenix,ssp585,late_2080s,heatwave_extreme,2085,phoenix|ssp585|late_2080s|2085,phoenix_ssp585_future_extreme,predeclared_4_anchor_sentinel_panel,stress-test grid; time horizon and weather-year selection rule are confounded; not a causal future-climate contrast,1,0.20000000000000001,0.10000000000000001,20,26,23.25,23.25,4,1,0.5,1,10,33.5,0.85433300000000001,93.200000000000003,corrected,training_contract,accepted_denver,35040,16704,4176,15,0.25,1950813321310.4031,91538649647.834839,541892.58925288974,25427.402679954121,567319.99193284381,20.047413793103448,25.892465876436781,8089.2502858511825,perimeter_bot_zn_1,2235.0735571443233,perimeter_bot_zn_1,448.2061497412281,perimeter_bot_zn_1,0,core_bottom,0,core_bottom,16704,15917,707,3,77,1438,477,14712,77,707,3,1438,77,6449,38.60751915708812,0,0,False,35040,16704,4176,15,0.25,1953221502171.9097,91573853730.032394,542561.52838108607,25437.181591675664,567998.70997276169,20.050047892720308,25.848778735632184,8087.5723558564177,perimeter_bot_zn_1,2243.8301156430657,perimeter_bot_zn_1,453.4210590176292,perimeter_bot_zn_1,0,core_bottom,0,core_bottom,16704,15243,1269,18,174,1775,832,13923,174,1269,18,1775,174,6449,38.60751915708812,0,0,True,668.9391281963326,9.7789117215434089,678.71803991787601,-1.6779299947647814,8.756558498742379,5.2149092764011016,0,0,0.0026340996168592312,-0.04368714080459668,-674,562,15,97,337,355,-789,97,337,97,0,0,0,0,0.11963584036682756
core,rev01_core64,REV01-C064-061,M3,rev01_p90_signal_a000,paperb_p90_tail_asym_relax,paperb_p90_tail_asym_relax,SCALED-96-028,beijing_ssp585_present_typical,present_typical,Beijing,ssp585,baseline_2020s,typical,2026,beijing|ssp585|baseline_2020s|2026,beijing_ssp585_present_typical,predeclared_4_anchor_sentinel_panel,stress-test grid; time horizon and weather-year selection rule are confounded; not a causal future-climate contrast,0.90000000000000002,0.20000000000000001,0.10000000000000001,20,26,23.25,23.25,4,1,0.5,0,10,33.5,0.85433300000000001,93.200000000000003,corrected,training_contract,accepted_denver,35040,16704,4176,15,0.25,1405372962588.3425,336468767550.19434,390381.37849676184,93463.546541720643,483844.92503848247,20.225292596780477,25.208533747442836,2114.8550810487386,perimeter_mid_zn_1,8.062753445823315,perimeter_top_zn_4,0,core_bottom,100.00052115553521,perimeter_bot_zn_1,22.895306725414311,perimeter_bot_zn_1,16704,10685,5616,403,0,2759,3561,10384,0,5616,403,2759,0,7026,42.061781609195407,0,0,False,35040,16704,4176,15,0.25,1378341155457.3027,363345604517.9248,382872.54318258411,100929.33458831244,483801.87777089654,20.046875,25.953125,2763.3948208036186,perimeter_mid_zn_1,8.1890388726310306,perimeter_top_zn_4,0,core_bottom,84.32560133009855,perimeter_bot_zn_1,19.929303497012036,perimeter_bot_zn_1,16704,16704,0,0,0,1044,0,15660,0,0,0,1044,0,7026,42.061781609195407,0,0,True,-7508.8353141777334,7465.7880465917988,-43.047267585934605,648.53973975487997,0.1262854268077156,0,-15.67491982543666,-2.9660032284022755,-0.17841759678047708,0.7445912525571643,6019,-5616,-403,0,-1715,-3561,5276,0,-1715,0,0,0,0,0,-0.0088969141471331656
core,rev01_core64,REV01-C064-062,M3,rev01_p90_signal_a000,paperb_p90_tail_asym_relax,paperb_p90_tail_asym_relax,SCALED-96-044,guangzhou_ssp585_present_typical,present_typical,Guangzhou,ssp585,baseline_2020s,typical,2025,guangzhou|ssp585|baseline_2020s|2025,guangzhou_ssp585_present_typical,predeclared_4_anchor_sentinel_panel,stress-test grid; time horizon and weather-year selection rule are confounded; not a causal future-climate contrast,0.90000000000000002,0.20000000000000001,0.10000000000000001,20,26,23.25,23.25,4,1,0.5,0,10,33.5,0.85433300000000001,93.200000000000003,corrected,training_contract,accepted_denver,35040,16704,4176,15,0.25,1762484152638.6426,105293162044.23643,489578.93128851184,29248.100567843456,518827.03185635532,20.047204262452109,25.9183279454023,5137.527074287681,perimeter_mid_zn_1,674.80222182353202,perimeter_mid_zn_1,12.335958350140285,perimeter_mid_zn_1,0,core_bottom,0,core_bottom,16704,16155,543,0,6,1350,382,14966,6,543,0,1350,6,536,3.2088122605363987,0,0,False,35040,16704,4176,15,0.25,1761405202411.5454,105969624475.03168,489279.22289209598,29436.00679861991,518715.2296907159,20.046875,25.953125,5163.3176507546095,perimeter_mid_zn_1,669.50160242671666,perimeter_mid_zn_1,10.047621892561232,perimeter_mid_zn_1,0,core_bottom,0,core_bottom,16704,16704,0,0,0,1044,0,15660,0,0,0,1044,0,536,3.2088122605363987,0,0,True,-299.70839641586645,187.90623077645432,-111.80216563941212,25.790576466928542,-5.3006193968153639,-2.288336457579053,0,0,-0.00032926245210873617,0.034797054597699884,549,-543,0,-6,-306,-382,694,-6,-306,-6,0,0,0,0,-0.021549024776019408
core,rev01_core64,REV01-C064-063,M3,rev01_p90_signal_a000,paperb_p90_tail_asym_relax,paperb_p90_tail_asym_relax,SCALED-96-080,kolkata_ssp585_future_extreme,late_century_hot_extreme,Kolkata,ssp585,late_2080s,heatwave_extreme,2080,kolkata|ssp585|late_2080s|2080,kolkata_ssp585_future_extreme,predeclared_4_anchor_sentinel_panel,stress-test grid; time horizon and weather-year selection rule are confounded; not a causal future-climate contrast,0.90000000000000002,0.20000000000000001,0.10000000000000001,20,26,23.25,23.25,4,1,0.5,0,10,33.5,0.85433300000000001,93.200000000000003,corrected,training_contract,accepted_denver,35040,16704,4176,15,0.25,2276159912202.1084,89033568706.948776,632266.64227836346,24731.546863041327,656998.18914140482,20.047024664750957,25.756914511494251,11053.947493384516,perimeter_mid_zn_1,4224.2538324502821,perimeter_mid_zn_1,896.40725665169407,perimeter_mid_zn_1,0,core_bottom,0,core_bottom,16704,14675,2013,1,15,2034,1363,13292,15,2013,1,2034,15,3129,18.732040229885058,0,0,False,35040,16704,4176,15,0.25,2274208664914.0029,89030200123.353271,631724.62914277858,24730.611145375908,656455.24028815445,20.046875,25.953125,11038.839399421186,perimeter_mid_zn_1,4207.4632841022794,perimeter_mid_zn_1,884.96097955991661,perimeter_mid_zn_1,0,core_bottom,0,core_bottom,16704,16704,0,0,0,1044,0,15660,0,0,0,1044,0,3129,18.732040229885058,0,0,True,-542.01313558488619,-0.93571766541936086,-542.94885325036012,-15.108093963330248,-16.790548348002631,-11.446277091777461,0,0,-0.00014966475095690157,0.19621048850574851,2029,-2013,-1,-15,-990,-1363,2368,-15,-990,-15,0,0,0,0,-0.082640844712206965
core,rev01_core64,REV01-C064-064,M3,rev01_p90_signal_a000,paperb_p90_tail_asym_relax,paperb_p90_tail_asym_relax,SCALED-96-096,phoenix_ssp585_future_extreme,late_century_hot_extreme,Phoenix,ssp585,late_2080s,heatwave_extreme,2085,phoenix|ssp585|late_2080s|2085,phoenix_ssp585_future_extreme,predeclared_4_anchor_sentinel_panel,stress-test grid; time horizon and weather-year selection rule are confounded; not a causal future-climate contrast,0.90000000000000002,0.20000000000000001,0.10000000000000001,20,26,23.25,23.25,4,1,0.5,0,10,33.5,0.85433300000000001,93.200000000000003,corrected,training_contract,accepted_denver,35040,16704,4176,15,0.25,1950813321310.4031,91538649647.834839,541892.58925288974,25427.402679954121,567319.99193284381,20.047413793103448,25.892465876436781,8089.2502858511825,perimeter_bot_zn_1,2235.0735571443233,perimeter_bot_zn_1,448.2061497412281,perimeter_bot_zn_1,0,core_bottom,0,core_bottom,16704,15917,707,3,77,1438,477,14712,77,707,3,1438,77,6449,38.60751915708812,0,0,False,35040,16704,4176,15,0.25,1949153766044.4429,91508385331.895981,541431.60167901195,25418.995925526662,566850.59760453866,20.046875,25.953125,8089.1296416918967,perimeter_bot_zn_1,2228.8810263650398,perimeter_bot_zn_1,442.4313976950852,perimeter_bot_zn_1,0,core_bottom,0,core_bottom,16704,16704,0,0,0,1044,0,15660,0,0,0,1044,0,6449,38.60751915708812,0,0,True,-460.98757387779187,-8.4067544274585089,-469.39432830514852,-0.12064415928580274,-6.1925307792835156,-5.7747520461429076,0,0,-0.00053879310344839837,0.060659123563219453,787,-707,-3,-77,-394,-477,948,-77,-394,-77,0,0,0,0,-0.082738901321974354
core,rev01_core64,REV01-C064-057,M3,rev01_p90_signal_a050,paperb_p90_tail_asym_relax,paperb_p90_tail_asym_relax,SCALED-96-028,beijing_ssp585_present_typical,present_typical,Beijing,ssp585,baseline_2020s,typical,2026,beijing|ssp585|baseline_2020s|2026,beijing_ssp585_present_typical,predeclared_4_anchor_sentinel_panel,stress-test grid; time horizon and weather-year selection rule are confounded; not a causal future-climate contrast,0.90000000000000002,0.20000000000000001,0.10000000000000001,20,26,23.25,23.25,4,1,0.5,0.5,10,33.5,0.85433300000000001,93.200000000000003,corrected,training_contract,accepted_denver,35040,16704,4176,15,0.25,1405372962588.3425,336468767550.19434,390381.37849676184,93463.546541720643,483844.92503848247,20.225292596780477,25.208533747442836,2114.8550810487386,perimeter_mid_zn_1,8.062753445823315,perimeter_top_zn_4,0,core_bottom,100.00052115553521,perimeter_bot_zn_1,22.895306725414311,perimeter_bot_zn_1,16704,10685,5616,403,0,2759,3561,10384,0,5616,403,2759,0,7026,42.061781609195407,0,0,False,35040,16704,4176,15,0.25,1379458546423.9736,361537004149.69995,383182.92956221488,100426.94559713888,483609.87515935377,20.047713122605366,25.901236230842912,2711.3278187209498,perimeter_mid_zn_1,8.1887439445908203,perimeter_top_zn_4,0,core_bottom,89.647833644412387,perimeter_bot_zn_1,21.810039270712721,perimeter_bot_zn_1,16704,16025,679,0,0,1419,487,14798,0,679,0,1419,0,7026,42.061781609195407,0,0,True,-7198.4489345469628,6963.3990554182383,-235.04987912869547,596.47273767221122,0.12599049876750534,0,-10.352687511122824,-1.0852674547015901,-0.17757947417511133,0.69270248340007612,5340,-4937,-403,0,-1340,-3074,4414,0,-1340,0,0,0,0,0,-0.048579589650547816
core,rev01_core64,REV01-C064-058,M3,rev01_p90_signal_a050,paperb_p90_tail_asym_relax,paperb_p90_tail_asym_relax,SCALED-96-044,guangzhou_ssp585_present_typical,present_typical,Guangzhou,ssp585,baseline_2020s,typical,2025,guangzhou|ssp585|baseline_2020s|2025,guangzhou_ssp585_present_typical,predeclared_4_anchor_sentinel_panel,stress-test grid; time horizon and weather-year selection rule are confounded; not a causal future-climate contrast,0.90000000000000002,0.20000000000000001,0.10000000000000001,20,26,23.25,23.25,4,1,0.5,0.5,10,33.5,0.85433300000000001,93.200000000000003,corrected,training_contract,accepted_denver,35040,16704,4176,15,0.25,1762484152638.6426,105293162044.23643,489578.93128851184,29248.100567843456,518827.03185635532,20.047204262452109,25.9183279454023,5137.527074287681,perimeter_mid_zn_1,674.80222182353202,perimeter_mid_zn_1,12.335958350140285,perimeter_mid_zn_1,0,core_bottom,0,core_bottom,16704,16155,543,0,6,1350,382,14966,6,543,0,1350,6,536,3.2088122605363987,0,0,False,35040,16704,4176,15,0.25,1761405202411.5454,105969624475.03168,489279.22289209598,29436.00679861991,518715.2296907159,20.046875,25.953125,5163.3176507546095,perimeter_mid_zn_1,669.50160242671666,perimeter_mid_zn_1,10.047621892561232,perimeter_mid_zn_1,0,core_bottom,0,core_bottom,16704,16704,0,0,0,1044,0,15660,0,0,0,1044,0,536,3.2088122605363987,0,0,True,-299.70839641586645,187.90623077645432,-111.80216563941212,25.790576466928542,-5.3006193968153639,-2.288336457579053,0,0,-0.00032926245210873617,0.034797054597699884,549,-543,0,-6,-306,-382,694,-6,-306,-6,0,0,0,0,-0.021549024776019408
core,rev01_core64,REV01-C064-059,M3,rev01_p90_signal_a050,paperb_p90_tail_asym_relax,paperb_p90_tail_asym_relax,SCALED-96-080,kolkata_ssp585_future_extreme,late_century_hot_extreme,Kolkata,ssp585,late_2080s,heatwave_extreme,2080,kolkata|ssp585|late_2080s|2080,kolkata_ssp585_future_extreme,predeclared_4_anchor_sentinel_panel,stress-test grid; time horizon and weather-year selection rule are confounded; not a causal future-climate contrast,0.90000000000000002,0.20000000000000001,0.10000000000000001,20,26,23.25,23.25,4,1,0.5,0.5,10,33.5,0.85433300000000001,93.200000000000003,corrected,training_contract,accepted_denver,35040,16704,4176,15,0.25,2276159912202.1084,89033568706.948776,632266.64227836346,24731.546863041327,656998.18914140482,20.047024664750957,25.756914511494251,11053.947493384516,perimeter_mid_zn_1,4224.2538324502821,perimeter_mid_zn_1,896.40725665169407,perimeter_mid_zn_1,0,core_bottom,0,core_bottom,16704,14675,2013,1,15,2034,1363,13292,15,2013,1,2034,15,3129,18.732040229885058,0,0,False,35040,16704,4176,15,0.25,2274214713678.4448,89030198319.538223,631726.30935512355,24730.610644316173,656456.91999943973,20.046875,25.906758860153257,11039.657358348662,perimeter_mid_zn_1,4208.2228261133223,perimeter_mid_zn_1,885.63135523654535,perimeter_mid_zn_1,0,core_bottom,0,core_bottom,16704,16159,545,0,0,1346,390,14968,0,545,0,1346,0,3129,18.732040229885058,0,0,True,-540.33292323991191,-0.93621872515359428,-541.26914196508005,-14.290135035853382,-16.031006336959763,-10.775901415148724,0,0,-0.00014966475095690157,0.14984434865900553,1484,-1468,-1,-15,-688,-973,1676,-15,-688,-15,0,0,0,0,-0.082385180189375448
core,rev01_core64,REV01-C064-060,M3,rev01_p90_signal_a050,paperb_p90_tail_asym_relax,paperb_p90_tail_asym_relax,SCALED-96-096,phoenix_ssp585_future_extreme,late_century_hot_extreme,Phoenix,ssp585,late_2080s,heatwave_extreme,2085,phoenix|ssp585|late_2080s|2085,phoenix_ssp585_future_extreme,predeclared_4_anchor_sentinel_panel,stress-test grid; time horizon and weather-year selection rule are confounded; not a causal future-climate contrast,0.90000000000000002,0.20000000000000001,0.10000000000000001,20,26,23.25,23.25,4,1,0.5,0.5,10,33.5,0.85433300000000001,93.200000000000003,corrected,training_contract,accepted_denver,35040,16704,4176,15,0.25,1950813321310.4031,91538649647.834839,541892.58925288974,25427.402679954121,567319.99193284381,20.047413793103448,25.892465876436781,8089.2502858511825,perimeter_bot_zn_1,2235.0735571443233,perimeter_bot_zn_1,448.2061497412281,perimeter_bot_zn_1,0,core_bottom,0,core_bottom,16704,15917,707,3,77,1438,477,14712,77,707,3,1438,77,6449,38.60751915708812,0,0,False,35040,16704,4176,15,0.25,1949160081494.074,91508392741.281403,541433.35597057606,25418.997983689278,566852.35395426536,20.046875,25.943905651340994,8088.7166475197964,perimeter_bot_zn_1,2228.4730812693861,perimeter_bot_zn_1,442.29215678913249,perimeter_bot_zn_1,0,core_bottom,0,core_bottom,16704,16562,142,0,0,1124,102,15478,0,142,0,1124,0,6449,38.60751915708812,0,0,True,-459.23328231368214,-8.4046962648426415,-467.63797857845202,-0.53363833138610062,-6.6004758749372741,-5.9139929520956116,0,0,-0.00053879310344839837,0.05143977490421392,645,-565,-3,-77,-314,-375,766,-77,-314,-77,0,0,0,0,-0.082429314183909183
learned,rev01_learned48,REV01-L048-021,M4,rev01_learned_mean_tail_full24,paperb_gate_tail_asym_relax,paperb_p90_tail_asym_relax,SCALED-96-008,ahmedabad_ssp245_future_extreme,late_century_hot_extreme,Ahmedabad,ssp245,late_2080s,heatwave_extreme,2081,ahmedabad|ssp245|late_2080s|2081,,full_24_anchor_stress_test_grid,stress-test grid; time horizon and weather-year selection rule are confounded; not a causal future-climate contrast,0.90000000000000002,0.20000000000000001,0.10000000000000001,20,26,23.25,23.25,4,1,0.5,1,10,33.5,0.85433300000000001,93.200000000000003,corrected,training_contract,accepted_denver,35040,16704,4176,15,0.25,2071745817598.4272,89483282496.330795,575484.9493328965,24856.467360091887,600341.41669298836,20.04708453065134,25.854525862068964,8940.1999151128293,perimeter_bot_zn_1,2349.3441184715011,perimeter_bot_zn_1,201.57656229966727,perimeter_mid_zn_1,0,core_bottom,0,core_bottom,16704,15510,1183,1,10,1712,844,14138,10,1183,1,1712,10,2614,15.648946360153257,0,0,False,35040,16704,4176,15,0.25,2057632670467.9312,89473569875.7379,571564.63068553642,24853.769409927194,596418.40009546361,20.046875,25.952735871647509,8988.0325708312739,perimeter_bot_zn_1,2371.8465432937796,perimeter_bot_zn_1,198.47743260495804,perimeter_mid_zn_1,0,core_bottom,0,core_bottom,16704,16696,8,0,0,1048,6,15650,0,8,0,1048,0,2614,15.648946360153257,0,0,True,-3920.3186473600799,-2.6979501646928838,-3923.016597524751,47.832655718444585,22.502424822278499,-3.0991296947092337,0,0,-0.0002095306513396622,0.098210009578544089,1186,-1175,-1,-10,-664,-838,1512,-10,-664,-10,0,0,0,0,-0.65346426024292814
learned,rev01_learned48,REV01-L048-001,M4,rev01_learned_mean_tail_full24,paperb_gate_tail_asym_relax,paperb_p90_tail_asym_relax,SCALED-96-004,ahmedabad_ssp245_present_typical,present_typical,Ahmedabad,ssp245,baseline_2020s,typical,2025,ahmedabad|ssp245|baseline_2020s|2025,,full_24_anchor_stress_test_grid,stress-test grid; time horizon and weather-year selection rule are confounded; not a causal future-climate contrast,0.90000000000000002,0.20000000000000001,0.10000000000000001,20,26,23.25,23.25,4,1,0.5,1,10,33.5,0.85433300000000001,93.200000000000003,corrected,training_contract,accepted_denver,35040,16704,4176,15,0.25,1977508949117.6746,89280862022.079819,549308.04142157629,24800.239450577727,574108.28087215405,20.046934865900383,25.865496288314176,7951.3764458525784,perimeter_bot_zn_1,1859.1651510593629,perimeter_bot_zn_1,157.45041753233207,perimeter_bot_zn_1,0,core_bottom,0,core_bottom,16704,15629,1071,0,4,1642,764,14294,4,1071,0,1642,4,941,5.6333812260536398,0,0,False,35040,16704,4176,15,0.25,1964621515634.2544,89271612505.181946,545728.19878729293,24797.670140328319,570525.86892762128,20.046875,25.95198754789272,7978.8705409515023,perimeter_bot_zn_1,1866.8813904520396,perimeter_bot_zn_1,143.66998101866952,perimeter_mid_zn_1,0,core_bottom,0,core_bottom,16704,16690,14,0,0,1052,10,15642,0,14,0,1052,0,941,5.6333812260536398,0,0,True,-3579.8426342833554,-2.569310249407863,-3582.4119445327669,27.494095098923935,7.7162393926766981,-13.780436513662551,0,0,-5.9865900382760628e-05,0.086491259578544089,1061,-1057,0,-4,-590,-754,1348,-4,-590,-4,0,0,0,0,-0.6239958669626855
learned,rev01_learned48,REV01-L048-020,M4,rev01_learned_mean_tail_full24,paperb_gate_tail_asym_relax,paperb_p90_tail_asym_relax,SCALED-96-016,ahmedabad_ssp585_future_extreme,late_century_hot_extreme,Ahmedabad,ssp585,late_2080s,heatwave_extreme,2088,ahmedabad|ssp585|late_2080s|2088,,full_24_anchor_stress_test_grid,stress-test grid; time horizon and weather-year selection rule are confounded; not a causal future-climate contrast,0.90000000000000002,0.20000000000000001,0.10000000000000001,20,26,23.25,23.25,4,1,0.5,1,10,33.5,0.85433300000000001,93.200000000000003,corrected,training_contract,accepted_denver,35040,16704,4176,15,0.25,2159012788736.6438,89109922761.056839,599725.77464906767,24752.75632251579,624478.53097158344,20.047114463601531,25.815987188697317,10326.470024872098,perimeter_bot_zn_1,3392.2530430130878,perimeter_bot_zn_1,428.97520516750416,perimeter_bot_zn_1,0,core_bottom,0,core_bottom,16704,15004,1691,0,9,1954,1189,13552,9,1691,0,1954,9,4486,26.855842911877392,0,0,False,35040,16704,4176,15,0.25,2144224414834.4951,89108146555.119736,595617.89300958195,24752.262931977704,620370.1559415597,20.046875,25.943950550766285,10328.163961170916,perimeter_bot_zn_1,3378.3692908677408,perimeter_bot_zn_1,400.83339947001724,perimeter_bot_zn_1,0,core_bottom,0,core_bottom,16704,16604,100,0,0,1098,67,15539,0,100,0,1098,0,4486,26.855842911877392,0,0,True,-4107.8816394857131,-0.49339053808580502,-4108.3750300237443,1.6939362988177891,-13.883752145346989,-28.141805697486916,0,0,-0.00023946360153104251,0.12796336206896797,1600,-1591,0,-9,-856,-1122,1987,-9,-856,-9,0,0,0,0,-0.65788891471285726
learned,rev01_learned48,REV01-L048-011,M4,rev01_learned_mean_tail_full24,paperb_gate_tail_asym_relax,paperb_p90_tail_asym_relax,SCALED-96-012,ahmedabad_ssp585_present_typical,present_typical,Ahmedabad,ssp585,baseline_2020s,typical,2025,ahmedabad|ssp585|baseline_2020s|2025,,full_24_anchor_stress_test_grid,stress-test grid; time horizon and weather-year selection rule are confounded; not a causal future-climate contrast,0.90000000000000002,0.20000000000000001,0.10000000000000001,20,26,23.25,23.25,4,1,0.5,1,10,33.5,0.85433300000000001,93.200000000000003,corrected,training_contract,accepted_denver,35040,16704,4176,15,0.25,1959528851012.5723,89364240871.618881,544313.56972571451,24823.400242116357,569136.96996783081,20.047054597701148,25.880298132183906,8008.2891654493478,perimeter_bot_zn_1,2023.4741126902543,perimeter_mid_zn_1,177.83283220360562,perimeter_mid_zn_1,0,core_bottom,0,core_bottom,16704,15738,953,1,12,1590,668,14434,12,953,1,1590,12,830,4.9688697318007664,0,0,False,35040,16704,4176,15,0.25,1950379983825.7048,89349889705.910934,541772.21772936243,24819.413807197481,566591.6315365599,20.046875,25.951688218390803,8023.6743146094077,perimeter_bot_zn_1,2021.6675853833942,perimeter_mid_zn_1,169.65731702315696,perimeter_mid_zn_1,0,core_bottom,0,core_bottom,16704,16682,22,0,0,1060,14,15630,0,22,0,1060,0,830,4.9688697318007664,0,0,True,-2541.3519963520812,-3.9864349188756023,-2545.3384312709095,15.385149160059882,-1.8065273068600618,-8.1755151804486559,0,0,-0.00017959770114828189,0.071390086206896797,944,-931,-1,-12,-530,-654,1196,-12,-530,-12,0,0,0,0,-0.44722774403756954
learned,rev01_learned48,REV01-L048-019,M4,rev01_learned_mean_tail_full24,paperb_gate_tail_asym_relax,paperb_p90_tail_asym_relax,SCALED-96-024,beijing_ssp245_future_extreme,late_century_hot_extreme,Beijing,ssp245,late_2080s,heatwave_extreme,2084,beijing|ssp245|late_2080s|2084,,full_24_anchor_stress_test_grid,stress-test grid; time horizon and weather-year selection rule are confounded; not a causal future-climate contrast,0.90000000000000002,0.20000000000000001,0.10000000000000001,20,26,23.25,23.25,4,1,0.5,1,10,33.5,0.85433300000000001,93.200000000000003,corrected,training_contract,accepted_denver,35040,16704,4176,15,0.25,1560833880090.6643,228345032297.6618,433564.96669185121,63429.175638239387,496994.14233009057,20.171024713479696,25.137946633086809,3873.030890105596,perimeter_mid_zn_1,863.72372959761765,perimeter_mid_zn_3,197.454678087556,perimeter_mid_zn_1,8.7845769045578255,perimeter_bot_zn_1,0.19704634334143023,perimeter_top_zn_2,16704,10370,6177,157,0,2750,3540,10414,0,6177,157,2750,0,6910,41.367337164750957,0,0,False,35040,16704,4176,15,0.25,1549709179846.345,243367157178.57037,430474.77217954025,67601.988105158438,498076.76028469868,20.046875,25.579127753831418,4098.125484522674,perimeter_mid_zn_1,863.32732723127401,perimeter_mid_zn_3,197.45368025252375,perimeter_mid_zn_1,6.1382871360536662,perimeter_bot_zn_1,0.12168095141646118,perimeter_top_zn_2,16704,13449,3255,0,0,2415,2018,12271,0,3255,0,2415,0,6910,41.367337164750957,0,0,True,-3090.1945123109617,4172.8124669190511,1082.6179546081112,225.09459441707804,-0.39640236634363646,-0.00099783503225125969,-2.6462897685041593,-0.07536539192496905,-0.12414971347969583,0.44118112074460925,3079,-2922,-157,0,-335,-1522,1857,0,-335,0,0,0,0,0,0.21783314176147062
learned,rev01_learned48,REV01-L048-010,M4,rev01_learned_mean_tail_full24,paperb_gate_tail_asym_relax,paperb_p90_tail_asym_relax,SCALED-96-020,beijing_ssp245_present_typical,present_typical,Beijing,ssp245,baseline_2020s,typical,2026,beijing|ssp245|baseline_2020s|2026,,full_24_anchor_stress_test_grid,stress-test grid; time horizon and weather-year selection rule are confounded; not a causal future-climate contrast,0.90000000000000002,0.20000000000000001,0.10000000000000001,20,26,23.25,23.25,4,1,0.5,1,10,33.5,0.85433300000000001,93.200000000000003,corrected,training_contract,accepted_denver,35040,16704,4176,15,0.25,1396697307763.584,321172416895.42419,387971.4743787733,89214.560248728943,477186.03462750226,20.156006813049316,25.28811592525906,2107.2226049801388,perimeter_mid_zn_1,28.935104659879016,perimeter_mid_zn_3,0,core_bottom,77.573604558672045,perimeter_bot_zn_1,13.081533135150416,perimeter_bot_zn_1,16704,10976,5306,422,0,2898,3404,10402,0,5306,422,2898,0,6576,39.367816091954019,0,0,False,35040,16704,4176,15,0.25,1383366243119.8987,335058891318.90405,384268.40086663852,93071.914255251133,477340.31512188964,20.047264128352491,25.653526101532567,2268.7618973477879,perimeter_mid_zn_1,28.935104661503267,perimeter_mid_zn_3,0,core_bottom,71.540428384393863,perimeter_bot_zn_1,11.641041388062966,perimeter_bot_zn_1,16704,13925,2777,2,0,2319,1823,12562,0,2777,2,2319,0,6576,39.367816091954019,0,0,True,-3703.0735121347825,3857.3540065221896,154.28049438737798,161.53929236764907,1.6242509559560858e-09,0,-6.0331761742781822,-1.4404917470874494,-0.10874268469682491,0.36541017627350669,2949,-2529,-420,0,-579,-1581,2160,0,-579,0,0,0,0,0,0.032331309634367526
learned,rev01_learned48,REV01-L048-018,M4,rev01_learned_mean_tail_full24,paperb_gate_tail_asym_relax,paperb_p90_tail_asym_relax,SCALED-96-032,beijing_ssp585_future_extreme,late_century_hot_extreme,Beijing,ssp585,late_2080s,heatwave_extreme,2089,beijing|ssp585|late_2080s|2089,,full_24_anchor_stress_test_grid,stress-test grid; time horizon and weather-year selection rule are confounded; not a causal future-climate contrast,0.90000000000000002,0.20000000000000001,0.10000000000000001,20,26,23.25,23.25,4,1,0.5,1,10,33.5,0.85433300000000001,93.200000000000003,corrected,training_contract,accepted_denver,35040,16704,4176,15,0.25,1642741415905.2485,220718709955.86081,456317.05997368012,61310.752765516889,517627.81273919699,20.184821614817185,25.261567842914683,4153.658304462082,perimeter_mid_zn_1,870.16095159782344,perimeter_mid_zn_3,141.33155757676178,perimeter_mid_zn_3,10.76704950521775,perimeter_bot_zn_1,0,core_bottom,16704,11202,5278,223,1,2622,3266,10815,1,5278,223,2622,1,5936,35.536398467432953,0,0,False,35040,16704,4176,15,0.25,1629505652025.75,235571436765.57373,452640.45889604167,65436.51021265937,518076.96910870104,20.046875,25.67634997605364,4414.2830980714216,perimeter_mid_zn_1,869.97239719798472,perimeter_mid_zn_3,141.33096029167717,perimeter_mid_zn_3,7.5515282161585819,perimeter_bot_zn_1,0,core_bottom,16704,14152,2552,0,0,2179,1624,12901,0,2552,0,2179,0,5936,35.536398467432953,0,0,True,-3676.6010776384501,4125.7574471424814,449.15636950405315,260.62479360933958,-0.18855439983872202,-0.00059728508460921148,-3.2155212890591685,0,-0.13794661481718506,0.41478213313895651,2950,-2726,-223,-1,-443,-1642,2086,-1,-443,-1,0,0,0,0,0.086772070288726411
learned,rev01_learned48,REV01-L048-009,M4,rev01_learned_mean_tail_full24,paperb_gate_tail_asym_relax,paperb_p90_tail_asym_relax,SCALED-96-028,beijing_ssp585_present_typical,present_typical,Beijing,ssp585,baseline_2020s,typical,2026,beijing|ssp585|baseline_2020s|2026,,full_24_anchor_stress_test_grid,stress-test grid; time horizon and weather-year selection rule are confounded; not a causal future-climate contrast,0.90000000000000002,0.20000000000000001,0.10000000000000001,20,26,23.25,23.25,4,1,0.5,1,10,33.5,0.85433300000000001,93.200000000000003,corrected,training_contract,accepted_denver,35040,16704,4176,15,0.25,1405372962588.3425,336468767550.19434,390381.37849676184,93463.546541720643,483844.92503848247,20.225292596780477,25.208533747442836,2114.8550810487386,perimeter_mid_zn_1,8.062753445823315,perimeter_top_zn_4,0,core_bottom,100.00052115553521,perimeter_bot_zn_1,22.895306725414311,perimeter_bot_zn_1,16704,10685,5616,403,0,2759,3561,10384,0,5616,403,2759,0,7026,42.061781609195407,0,0,False,35040,16704,4176,15,0.25,1390791943791.0376,351461431498.96387,386331.09549751045,97628.175416378857,483959.27091388928,20.048132183908045,25.613864942528735,2265.3718409638482,perimeter_mid_zn_1,8.0998355638065824,perimeter_top_zn_4,0,core_bottom,95.420183421229709,perimeter_bot_zn_1,22.325701228952344,perimeter_bot_zn_1,16704,13658,3016,8,22,2377,1940,12365,22,3016,8,2377,22,7026,42.061781609195407,0,0,True,-4050.2829992513871,4164.628874658214,114.34587540681241,150.51675991510956,0.037082117983267437,0,-4.5803377343055018,-0.56960549646196768,-0.177160412872432,0.40533119508589976,2973,-2600,-395,22,-382,-1621,1981,22,-382,22,0,0,0,0,0.023632752869675741
learned,rev01_learned48,REV01-L048-023,M4,rev01_learned_mean_tail_full24,paperb_gate_tail_asym_relax,paperb_p90_tail_asym_relax,SCALED-96-040,guangzhou_ssp245_future_extreme,late_century_hot_extreme,Guangzhou,ssp245,late_2080s,heatwave_extreme,2088,guangzhou|ssp245|late_2080s|2088,,full_24_anchor_stress_test_grid,stress-test grid; time horizon and weather-year selection rule are confounded; not a causal future-climate contrast,0.90000000000000002,0.20000000000000001,0.10000000000000001,20,26,23.25,23.25,4,1,0.5,1,10,33.5,0.85433300000000001,93.200000000000003,corrected,training_contract,accepted_denver,35040,16704,4176,15,0.25,1917082248974.4478,100662947426.72334,532522.84693734662,27961.929840756486,560484.77677810309,20.048641044061302,25.919136135057471,7176.6025837620673,perimeter_mid_zn_1,1678.0943216634282,perimeter_mid_zn_1,119.663455275179,perimeter_mid_zn_1,0,core_bottom,0,core_bottom,16704,16168,530,1,5,1373,366,14960,5,530,1,1373,5,0,0,0,0,False,35040,16704,4176,15,0.25,1916695044531.1716,100998750554.1022,532415.29014754773,28055.208487250613,560470.49863479834,20.046875,25.951957614942529,7191.1439167252965,perimeter_mid_zn_1,1676.3516565147102,perimeter_mid_zn_1,118.71708251585201,perimeter_mid_zn_1,0,core_bottom,0,core_bottom,16704,16679,25,0,0,1058,18,15628,0,25,0,1058,0,0,0,0,0,True,-107.5567897988949,93.278646494127315,-14.278143304749392,14.541332963229252,-1.7426651487180607,-0.94637275932699083,0,0,-0.0017660440613020967,0.032821479885058125,511,-505,-1,-5,-315,-348,668,-5,-315,-5,0,0,0,0,-0.0025474631776488256
learned,rev01_learned48,REV01-L048-008,M4,rev01_learned_mean_tail_full24,paperb_gate_tail_asym_relax,paperb_p90_tail_asym_relax,SCALED-96-036,guangzhou_ssp245_present_typical,present_typical,Guangzhou,ssp245,baseline_2020s,typical,2025,guangzhou|ssp245|baseline_2020s|2025,,full_24_anchor_stress_test_grid,stress-test grid; time horizon and weather-year selection rule are confounded; not a causal future-climate contrast,0.90000000000000002,0.20000000000000001,0.10000000000000001,20,26,23.25,23.25,4,1,0.5,1,10,33.5,0.85433300000000001,93.200000000000003,corrected,training_contract,accepted_denver,35040,16704,4176,15,0.25,1768334868948.5105,97795501213.948227,491204.13026347512,27165.417003874507,518369.54726734961,20.047653256704979,25.944938338122604,5397.4362429522462,perimeter_mid_zn_1,747.73696083080813,perimeter_bot_zn_1,24.787273518466879,perimeter_mid_zn_1,0,core_bottom,0,core_bottom,16704,16543,157,0,4,1144,107,15449,4,157,0,1144,4,0,0,0,0,False,35040,16704,4176,15,0.25,1768065285695.6604,97775474933.361984,491129.24602657231,27159.854148156108,518289.10017472843,20.046934865900383,25.952930435823756,5395.934046806985,perimeter_mid_zn_1,745.22675545306458,perimeter_bot_zn_1,23.403922895574226,perimeter_mid_zn_1,0,core_bottom,0,core_bottom,16704,16703,1,0,0,1046,0,15658,0,1,0,1046,0,0,0,0,0,True,-74.884236902813427,-5.5628557183990779,-80.447092621179763,-1.5021961452612231,-2.5102053777435458,-1.3833506228926531,0,0,-0.00071839080459668025,0.0079920977011518346,160,-156,0,-4,-98,-107,209,-4,-98,-4,0,0,0,0,-0.015519255142449388
learned,rev01_learned48,REV01-L048-017,M4,rev01_learned_mean_tail_full24,paperb_gate_tail_asym_relax,paperb_p90_tail_asym_relax,SCALED-96-048,guangzhou_ssp585_future_extreme,late_century_hot_extreme,Guangzhou,ssp585,late_2080s,heatwave_extreme,2086,guangzhou|ssp585|late_2080s|2086,,full_24_anchor_stress_test_grid,stress-test grid; time horizon and weather-year selection rule are confounded; not a causal future-climate contrast,0.90000000000000002,0.20000000000000001,0.10000000000000001,20,26,23.25,23.25,4,1,0.5,1,10,33.5,0.85433300000000001,93.200000000000003,corrected,training_contract,accepted_denver,35040,16704,4176,15,0.25,2102568260956.95,98571729643.712067,584046.73915470834,27381.036012142242,611427.77516685054,20.047772988505749,25.753427322796934,9794.5310553079889,perimeter_mid_zn_1,3631.3976769044807,perimeter_bot_zn_1,798.05746422812899,perimeter_bot_zn_1,0,core_bottom,0,core_bottom,16704,14592,2099,0,13,2074,1435,13182,13,2099,0,2074,13,3020,18.079501915708811,0,0,False,35040,16704,4176,15,0.25,2101155239220.8838,99126436940.856903,583654.23311691219,27535.121372460249,611189.35448937246,20.046994731800766,25.901715158045977,9799.1776442735645,perimeter_mid_zn_1,3618.2179409367618,perimeter_bot_zn_1,792.0742810471512,perimeter_bot_zn_1,0,core_bottom,0,core_bottom,16704,16176,528,0,0,1322,357,15025,0,528,0,1322,0,3020,18.079501915708811,0,0,True,-392.50603779614903,154.08536031800759,-238.42067747807596,4.6465889655755745,-13.179735967718898,-5.9831831809777896,0,0,-0.0007782567049829936,0.1482878352490431,1584,-1571,0,-13,-752,-1078,1843,-13,-752,-13,0,0,0,0,-0.038994086818024271
learned,rev01_learned48,REV01-L048-012,M4,rev01_learned_mean_tail_full24,paperb_gate_tail_asym_relax,paperb_p90_tail_asym_relax,SCALED-96-044,guangzhou_ssp585_present_typical,present_typical,Guangzhou,ssp585,baseline_2020s,typical,2025,guangzhou|ssp585|baseline_2020s|2025,,full_24_anchor_stress_test_grid,stress-test grid; time horizon and weather-year selection rule are confounded; not a causal future-climate contrast,0.90000000000000002,0.20000000000000001,0.10000000000000001,20,26,23.25,23.25,4,1,0.5,1,10,33.5,0.85433300000000001,93.200000000000003,corrected,training_contract,accepted_denver,35040,16704,4176,15,0.25,1762484152638.6426,105293162044.23643,489578.93128851184,29248.100567843456,518827.03185635532,20.047204262452109,25.9183279454023,5137.527074287681,perimeter_mid_zn_1,674.80222182353202,perimeter_mid_zn_1,12.335958350140285,perimeter_mid_zn_1,0,core_bottom,0,core_bottom,16704,16155,543,0,6,1350,382,14966,6,543,0,1350,6,536,3.2088122605363987,0,0,False,35040,16704,4176,15,0.25,1761421045636.8721,105904915907.1994,489283.62378801999,29418.032196444277,518701.65598446428,20.046875,25.952107279693486,5161.4676631953098,perimeter_mid_zn_1,669.50160248130555,perimeter_mid_zn_1,10.047621925899168,perimeter_mid_zn_1,0,core_bottom,0,core_bottom,16704,16684,20,0,0,1058,13,15633,0,20,0,1058,0,536,3.2088122605363987,0,0,True,-295.30750049185008,169.93162860082157,-125.37587189103942,23.940588907628808,-5.3006193422264687,-2.2883364242411162,0,0,-0.00032926245210873617,0.033779334291185847,529,-523,0,-6,-292,-369,667,-6,-292,-6,0,0,0,0,-0.02416525435123271
learned,rev01_learned48,REV01-L048-016,M4,rev01_learned_mean_tail_full24,paperb_gate_tail_asym_relax,paperb_p90_tail_asym_relax,SCALED-96-056,houston_ssp245_future_extreme,late_century_hot_extreme,Houston,ssp245,late_2080s,heatwave_extreme,2081,houston|ssp245|late_2080s|2081,,full_24_anchor_stress_test_grid,stress-test grid; time horizon and weather-year selection rule are confounded; not a causal future-climate contrast,0.90000000000000002,0.20000000000000001,0.10000000000000001,20,26,23.25,23.25,4,1,0.5,1,10,33.5,0.85433300000000001,93.200000000000003,corrected,training_contract,accepted_denver,35040,16704,4176,15,0.25,1787802724579.2861,120320226319.12231,496611.86793869059,33422.285088645091,530034.15302733565,20.050631585249043,25.880747126436781,5619.579400301157,perimeter_mid_zn_1,994.15870104366923,perimeter_mid_zn_1,81.184419011636436,perimeter_mid_zn_2,0,core_bottom,0,core_bottom,16704,15690,1014,0,0,1613,707,14384,0,1014,0,1613,0,604,3.6159003831417627,0,0,False,35040,16704,4176,15,0.25,1785413395725.7161,121490680448.79813,495948.16547936556,33747.411235777254,529695.57671514282,20.046875,25.943666187739463,5692.4544214455173,perimeter_mid_zn_1,987.4057255613327,perimeter_mid_zn_1,81.155775799045671,perimeter_mid_zn_2,0,core_bottom,0,core_bottom,16704,16591,113,0,0,1106,82,15516,0,113,0,1106,0,604,3.6159003831417627,0,0,True,-663.70245932502439,325.12614713216317,-338.57631219283212,72.875021144360289,-6.7529754823365238,-0.028643212590765188,0,0,-0.0037565852490430984,0.062919061302682877,901,-901,0,0,-507,-625,1132,0,-507,0,0,0,0,0,-0.0638782067644178
learned,rev01_learned48,REV01-L048-006,M4,rev01_learned_mean_tail_full24,paperb_gate_tail_asym_relax,paperb_p90_tail_asym_relax,SCALED-96-052,houston_ssp245_present_typical,present_typical,Houston,ssp245,baseline_2020s,typical,2027,houston|ssp245|baseline_2020s|2027,,full_24_anchor_stress_test_grid,stress-test grid; time horizon and weather-year selection rule are confounded; not a causal future-climate contrast,0.90000000000000002,0.20000000000000001,0.10000000000000001,20,26,23.25,23.25,4,1,0.5,1,10,33.5,0.85433300000000001,93.200000000000003,corrected,training_contract,accepted_denver,35040,16704,4176,15,0.25,1706438242943.6355,105236123843.68999,474010.62303989875,29232.25662324722,503242.87966314598,20.049524066091955,25.924479166666668,4556.4850299038972,perimeter_mid_zn_1,333.84613976760716,perimeter_mid_zn_1,18.552238329386316,perimeter_mid_zn_1,0,core_bottom,0,core_bottom,16704,16277,427,0,0,1281,306,15117,0,427,0,1281,0,89,0.53280651340996166,0,0,False,35040,16704,4176,15,0.25,1705524050813.6973,105433820622.1606,473756.68078158255,29287.17239504461,503043.85317662713,20.046875,25.952795737547891,4581.7124674161305,perimeter_mid_zn_1,328.64913456676481,perimeter_mid_zn_1,17.112582911500525,perimeter_mid_zn_2,0,core_bottom,0,core_bottom,16704,16694,10,0,0,1052,6,15646,0,10,0,1052,0,89,0.53280651340996166,0,0,True,-253.94225831620861,54.915771797390335,-199.02648651885102,25.227437512233337,-5.1970052008423409,-1.4396554178857919,0,0,-0.0026490660919549214,0.028316570881223413,417,-417,0,0,-229,-300,529,0,-229,0,0,0,0,0,-0.039548793348466789
learned,rev01_learned48,REV01-L048-015,M4,rev01_learned_mean_tail_full24,paperb_gate_tail_asym_relax,paperb_p90_tail_asym_relax,SCALED-96-064,houston_ssp585_future_extreme,late_century_hot_extreme,Houston,ssp585,late_2080s,heatwave_extreme,2086,houston|ssp585|late_2080s|2086,,full_24_anchor_stress_test_grid,stress-test grid; time horizon and weather-year selection rule are confounded; not a causal future-climate contrast,0.90000000000000002,0.20000000000000001,0.10000000000000001,20,26,23.25,23.25,4,1,0.5,1,10,33.5,0.85433300000000001,93.200000000000003,corrected,training_contract,accepted_denver,35040,16704,4176,15,0.25,1882595729785.7617,103449866882.80965,522943.25827382272,28736.074134113791,551679.33240793645,20.047383860153257,25.921021910919539,6742.3288853015292,perimeter_mid_zn_1,1541.7741800358542,perimeter_mid_zn_1,179.87257493348503,perimeter_bot_zn_1,0,core_bottom,0,core_bottom,16704,16118,579,0,7,1434,384,14879,7,579,0,1434,7,0,0,0,0,False,35040,16704,4176,15,0.25,1882271968362.1272,103470322473.56799,522853.32454503531,28741.756242657775,551595.08078769303,20.046875,25.952825670498083,6751.1947200576442,perimeter_mid_zn_1,1540.2855219263097,perimeter_mid_zn_1,179.74987053847488,perimeter_bot_zn_1,0,core_bottom,0,core_bottom,16704,16695,9,0,0,1050,6,15648,0,9,0,1050,0,0,0,0,0,True,-89.933728787407745,5.6821085439842136,-84.251620243419893,8.865834756114964,-1.4886581095445308,-0.12270439501014607,0,0,-0.00050886015325701806,0.031803759578544089,577,-570,0,-7,-384,-378,769,-7,-384,-7,0,0,0,0,-0.015271846395927782
learned,rev01_learned48,REV01-L048-005,M4,rev01_learned_mean_tail_full24,paperb_gate_tail_asym_relax,paperb_p90_tail_asym_relax,SCALED-96-060,houston_ssp585_present_typical,present_typical,Houston,ssp585,baseline_2020s,typical,2025,houston|ssp585|baseline_2020s|2025,,full_24_anchor_stress_test_grid,stress-test grid; time horizon and weather-year selection rule are confounded; not a causal future-climate contrast,0.90000000000000002,0.20000000000000001,0.10000000000000001,20,26,23.25,23.25,4,1,0.5,1,10,33.5,0.85433300000000001,93.200000000000003,corrected,training_contract,accepted_denver,35040,16704,4176,15,0.25,1727782842263.1074,122350045685.47211,479939.67840641871,33986.123801520029,513925.80220793874,20.049045138888889,25.865735751915707,5008.8305335457098,perimeter_mid_zn_1,688.1858273959491,perimeter_mid_zn_1,46.579007274538498,perimeter_mid_zn_2,2.3905232535540728,perimeter_bot_zn_1,0,core_bottom,16704,15592,1102,0,10,1602,755,14337,10,1102,0,1602,10,1170,7.0043103448275854,0,0,False,35040,16704,4176,15,0.25,1726376074221.1064,124562544650.14128,479548.90950586292,34600.70684726147,514149.61635312438,20.046875,25.932950191570882,5063.4348299730364,perimeter_mid_zn_1,686.27486684809912,perimeter_mid_zn_1,46.387674914007988,perimeter_mid_zn_2,1.6141031706167235,perimeter_bot_zn_1,0,core_bottom,16704,16440,264,0,0,1194,189,15321,0,264,0,1194,0,1170,7.0043103448275854,0,0,True,-390.76890055579133,614.58304574144131,223.81414518563543,54.604296427326517,-1.9109605478499816,-0.1913323605305095,-0.77642008293734932,0,-0.0021701388888892836,0.067214439655174374,848,-838,0,-10,-408,-566,984,-10,-408,-10,0,0,0,0,0.043549894600364569
learned,rev01_learned48,REV01-L048-014,M4,rev01_learned_mean_tail_full24,paperb_gate_tail_asym_relax,paperb_p90_tail_asym_relax,SCALED-96-072,kolkata_ssp245_future_extreme,late_century_hot_extreme,Kolkata,ssp245,late_2080s,heatwave_extreme,2086,kolkata|ssp245|late_2080s|2086,,full_24_anchor_stress_test_grid,stress-test grid; time horizon and weather-year selection rule are confounded; not a causal future-climate contrast,0.90000000000000002,0.20000000000000001,0.10000000000000001,20,26,23.25,23.25,4,1,0.5,1,10,33.5,0.85433300000000001,93.200000000000003,corrected,training_contract,accepted_denver,35040,16704,4176,15,0.25,2102407183958.918,89146542644.962311,584001.99554414384,24762.928512489532,608764.92405663338,20.047653256704979,25.874386374521073,8807.1768073647563,perimeter_mid_zn_1,2600.3390669508171,perimeter_mid_zn_1,353.60943005927129,perimeter_mid_zn_1,0,core_bottom,0,core_bottom,16704,15774,925,0,5,1516,591,14592,5,925,0,1516,5,890,5.3280651340996164,0,0,False,35040,16704,4176,15,0.25,2100780746088.5581,89144756075.510376,583550.20724682172,24762.432243197327,608312.63949001906,20.046875,25.938517720306514,8795.3126671300597,perimeter_mid_zn_1,2586.49870780027,perimeter_mid_zn_1,344.27509567366269,perimeter_mid_zn_1,0,core_bottom,0,core_bottom,16704,16561,143,0,0,1110,84,15510,0,143,0,1110,0,890,5.3280651340996164,0,0,True,-451.78829732211307,-0.49626929220539751,-452.28456661431119,-11.864140234696606,-13.840359150547101,-9.3343343856085994,0,0,-0.00077825670497944088,0.064131345785440885,787,-782,0,-5,-406,-507,918,-5,-406,-5,0,0,0,0,-0.074295437982927412
learned,rev01_learned48,REV01-L048-004,M4,rev01_learned_mean_tail_full24,paperb_gate_tail_asym_relax,paperb_p90_tail_asym_relax,SCALED-96-068,kolkata_ssp245_present_typical,present_typical,Kolkata,ssp245,baseline_2020s,typical,2026,kolkata|ssp245|baseline_2020s|2026,,full_24_anchor_stress_test_grid,stress-test grid; time horizon and weather-year selection rule are confounded; not a causal future-climate contrast,0.90000000000000002,0.20000000000000001,0.10000000000000001,20,26,23.25,23.25,4,1,0.5,1,10,33.5,0.85433300000000001,93.200000000000003,corrected,training_contract,accepted_denver,35040,16704,4176,15,0.25,1954381321233.4585,89977285647.993988,542883.70034262736,24993.690457776109,567877.39080040343,20.0472341954023,25.927502394636015,6903.0692310933619,perimeter_mid_zn_1,1282.5233757366607,perimeter_mid_zn_1,51.699673996357234,perimeter_mid_zn_1,0,core_bottom,0,core_bottom,16704,16319,382,0,3,1268,269,15164,3,382,0,1268,3,39,0.2334770114942529,0,0,False,35040,16704,4176,15,0.25,1953343254048.4209,89977639338.097321,542595.34834678355,24993.788705027033,567589.13705181063,20.046875,25.953125,6889.6948660221587,perimeter_mid_zn_1,1269.3767775867839,perimeter_mid_zn_1,47.359991407720656,perimeter_mid_zn_1,0,core_bottom,0,core_bottom,16704,16704,0,0,0,1044,0,15660,0,0,0,1044,0,39,0.2334770114942529,0,0,True,-288.35199584381189,0.098247250924032414,-288.25374859280419,-13.374365071203101,-13.146598149876809,-4.3396825886365775,0,0,-0.00035919540230011648,0.025622605363984974,385,-382,0,-3,-224,-269,496,-3,-224,-3,0,0,0,0,-0.050759856487070307
learned,rev01_learned48,REV01-L048-013,M4,rev01_learned_mean_tail_full24,paperb_gate_tail_asym_relax,paperb_p90_tail_asym_relax,SCALED-96-080,kolkata_ssp585_future_extreme,late_century_hot_extreme,Kolkata,ssp585,late_2080s,heatwave_extreme,2080,kolkata|ssp585|late_2080s|2080,,full_24_anchor_stress_test_grid,stress-test grid; time horizon and weather-year selection rule are confounded; not a causal future-climate contrast,0.90000000000000002,0.20000000000000001,0.10000000000000001,20,26,23.25,23.25,4,1,0.5,1,10,33.5,0.85433300000000001,93.200000000000003,corrected,training_contract,accepted_denver,35040,16704,4176,15,0.25,2276159912202.1084,89033568706.948776,632266.64227836346,24731.546863041327,656998.18914140482,20.047024664750957,25.756914511494251,11053.947493384516,perimeter_mid_zn_1,4224.2538324502821,perimeter_mid_zn_1,896.40725665169407,perimeter_mid_zn_1,0,core_bottom,0,core_bottom,16704,14675,2013,1,15,2034,1363,13292,15,2013,1,2034,15,3129,18.732040229885058,0,0,False,35040,16704,4176,15,0.25,2274208735305.5098,89030200548.373962,631724.64869597496,24730.611263437211,656455.25995941216,20.046875,25.912670617816094,11038.856410700582,perimeter_mid_zn_1,4207.4791253489648,perimeter_mid_zn_1,884.97486850977691,perimeter_mid_zn_1,0,core_bottom,0,core_bottom,16704,16198,506,0,0,1324,353,15027,0,506,0,1324,0,3129,18.732040229885058,0,0,True,-541.99358238850255,-0.93559960411585052,-542.92918199265841,-15.091082683933564,-16.77470710131729,-11.432388141917158,0,0,-0.00014966475095690157,0.15575610632184222,1523,-1507,-1,-15,-710,-1010,1735,-15,-710,-15,0,0,0,0,-0.082637850600803489
learned,rev01_learned48,REV01-L048-003,M4,rev01_learned_mean_tail_full24,paperb_gate_tail_asym_relax,paperb_p90_tail_asym_relax,SCALED-96-076,kolkata_ssp585_present_typical,present_typical,Kolkata,ssp585,baseline_2020s,typical,2029,kolkata|ssp585|baseline_2020s|2029,,full_24_anchor_stress_test_grid,stress-test grid; time horizon and weather-year selection rule are confounded; not a causal future-climate contrast,0.90000000000000002,0.20000000000000001,0.10000000000000001,20,26,23.25,23.25,4,1,0.5,1,10,33.5,0.85433300000000001,93.200000000000003,corrected,training_contract,accepted_denver,35040,16704,4176,15,0.25,1889337297349.2075,90360923206.549728,524815.91593033541,25100.256446263815,549916.17237659928,20.047174329501917,25.942244372605366,6065.1959836985834,perimeter_mid_zn_1,802.45628454620226,perimeter_mid_zn_1,13.210550699690961,perimeter_mid_zn_1,0,core_bottom,0,core_bottom,16704,16505,197,0,2,1168,135,15399,2,197,0,1168,2,0,0,0,0,False,35040,16704,4176,15,0.25,1888997181428.7231,90365078077.988815,524721.43928575644,25101.410577219114,549822.84986297553,20.046875,25.953125,6060.824910544713,perimeter_mid_zn_1,797.75690132361569,perimeter_mid_zn_1,11.547922665217973,perimeter_mid_zn_1,0,core_bottom,0,core_bottom,16704,16704,0,0,0,1044,0,15660,0,0,0,1044,0,0,0,0,0,True,-94.4766445789719,1.154130955299479,-93.322513623745181,-4.371073153870384,-4.6993832225865617,-1.6626280344729878,0,0,-0.00029932950191735586,0.010880627394634246,199,-197,0,-2,-124,-135,261,-2,-124,-2,0,0,0,0,-0.016970316261191006
learned,rev01_learned48,REV01-L048-022,M4,rev01_learned_mean_tail_full24,paperb_gate_tail_asym_relax,paperb_p90_tail_asym_relax,SCALED-96-088,phoenix_ssp245_future_extreme,late_century_hot_extreme,Phoenix,ssp245,late_2080s,heatwave_extreme,2086,phoenix|ssp245|late_2080s|2086,,full_24_anchor_stress_test_grid,stress-test grid; time horizon and weather-year selection rule are confounded; not a causal future-climate contrast,0.90000000000000002,0.20000000000000001,0.10000000000000001,20,26,23.25,23.25,4,1,0.5,1,10,33.5,0.85433300000000001,93.200000000000003,corrected,training_contract,accepted_denver,35040,16704,4176,15,0.25,1867901084548.0537,96696444271.177567,518861.41237445938,26860.123408660435,545721.53578311985,20.049568965517242,25.849991020114942,7373.7404084298314,perimeter_bot_zn_1,1642.6015450400055,perimeter_bot_zn_1,295.64798992703749,perimeter_bot_zn_1,0,core_bottom,0,core_bottom,16704,15258,1400,1,45,1822,985,13852,45,1400,1,1822,45,5369,32.142001915708811,0,0,False,35040,16704,4176,15,0.25,1863384729203.1155,96780442401.226181,517606.86922308762,26883.456222562829,544490.32544565049,20.046875,25.930750119731801,7445.0423448368738,perimeter_bot_zn_1,1643.3638649433331,perimeter_bot_zn_1,286.05231725494815,perimeter_bot_zn_1,0,core_bottom,0,core_bottom,16704,16343,361,0,0,1240,262,15202,0,361,0,1240,0,5369,32.142001915708811,0,0,True,-1254.5431513717631,23.332813902394264,-1231.2103374693543,71.301936407042376,0.7623199033275796,-9.5956726720893357,0,0,-0.0026939655172419918,0.080759099616859231,1085,-1039,-1,-45,-582,-723,1350,-45,-582,-45,0,0,0,0,-0.22561146239217886
learned,rev01_learned48,REV01-L048-002,M4,rev01_learned_mean_tail_full24,paperb_gate_tail_asym_relax,paperb_p90_tail_asym_relax,SCALED-96-084,phoenix_ssp245_present_typical,present_typical,Phoenix,ssp245,baseline_2020s,typical,2026,phoenix|ssp245|baseline_2020s|2026,,full_24_anchor_stress_test_grid,stress-test grid; time horizon and weather-year selection rule are confounded; not a causal future-climate contrast,0.90000000000000002,0.20000000000000001,0.10000000000000001,20,26,23.25,23.25,4,1,0.5,1,10,33.5,0.85433300000000001,93.200000000000003,corrected,training_contract,accepted_denver,35040,16704,4176,15,0.25,1704069697417.9314,103426921753.86841,473352.69372720318,28729.70048718567,502082.39421438886,20.051858836206897,25.776236230842912,5875.524660764846,perimeter_mid_zn_1,867.67831656877627,perimeter_mid_zn_1,27.98659727653963,perimeter_bot_zn_1,0,core_bottom,0,core_bottom,16704,14630,2071,0,3,2037,1475,13189,3,2071,0,2037,3,2671,15.990181992337165,0,0,False,35040,16704,4176,15,0.25,1699179011352.2156,103712335066.65501,471994.16982005991,28808.981962959726,500803.15178301965,20.046934865900383,25.873667983716476,6027.1437429677317,perimeter_mid_zn_1,923.17165921382832,perimeter_mid_zn_1,30.209995909676387,perimeter_mid_zn_1,0,core_bottom,0,core_bottom,16704,15750,954,0,0,1491,719,14494,0,954,0,1491,0,2671,15.990181992337165,0,0,True,-1358.5239071432734,79.281475774056162,-1279.2424313692027,151.61908220288569,55.493342645052053,2.2233986331367568,0,0,-0.0049239703065140361,0.097431752873564648,1120,-1117,0,-3,-546,-756,1305,-3,-546,-3,0,0,0,0,-0.25478735086316667
learned,rev01_learned48,REV01-L048-024,M4,rev01_learned_mean_tail_full24,paperb_gate_tail_asym_relax,paperb_p90_tail_asym_relax,SCALED-96-096,phoenix_ssp585_future_extreme,late_century_hot_extreme,Phoenix,ssp585,late_2080s,heatwave_extreme,2085,phoenix|ssp585|late_2080s|2085,,full_24_anchor_stress_test_grid,stress-test grid; time horizon and weather-year selection rule are confounded; not a causal future-climate contrast,0.90000000000000002,0.20000000000000001,0.10000000000000001,20,26,23.25,23.25,4,1,0.5,1,10,33.5,0.85433300000000001,93.200000000000003,corrected,training_contract,accepted_denver,35040,16704,4176,15,0.25,1950813321310.4031,91538649647.834839,541892.58925288974,25427.402679954121,567319.99193284381,20.047413793103448,25.892465876436781,8089.2502858511825,perimeter_bot_zn_1,2235.0735571443233,perimeter_bot_zn_1,448.2061497412281,perimeter_bot_zn_1,0,core_bottom,0,core_bottom,16704,15917,707,3,77,1438,477,14712,77,707,3,1438,77,6449,38.60751915708812,0,0,False,35040,16704,4176,15,0.25,1949153792675.8198,91508385314.119202,541431.60907661659,25418.995920588666,566850.6049972052,20.046875,25.946928879310345,8089.1314219951473,perimeter_bot_zn_1,2228.8827772813343,perimeter_bot_zn_1,442.43232125328069,perimeter_bot_zn_1,0,core_bottom,0,core_bottom,16704,16608,96,0,0,1100,68,15536,0,96,0,1100,0,6449,38.60751915708812,0,0,True,-460.9801762731513,-8.4067593654544908,-469.38693563861307,-0.11886385603520466,-6.1907798629890749,-5.7738284879474122,0,0,-0.00053879310344839837,0.054463002873564648,691,-611,-3,-77,-338,-409,824,-77,-338,-77,0,0,0,0,-0.082737598236125004
learned,rev01_learned48,REV01-L048-007,M4,rev01_learned_mean_tail_full24,paperb_gate_tail_asym_relax,paperb_p90_tail_asym_relax,SCALED-96-092,phoenix_ssp585_present_typical,present_typical,Phoenix,ssp585,baseline_2020s,typical,2029,phoenix|ssp585|baseline_2020s|2029,,full_24_anchor_stress_test_grid,stress-test grid; time horizon and weather-year selection rule are confounded; not a causal future-climate contrast,0.90000000000000002,0.20000000000000001,0.10000000000000001,20,26,23.25,23.25,4,1,0.5,1,10,33.5,0.85433300000000001,93.200000000000003,corrected,training_contract,accepted_denver,35040,16704,4176,15,0.25,1735751879621.2263,101788472262.66353,482153.2998947851,28274.575628517647,510427.87552330276,20.050466954022987,25.82617935823755,6015.4566669402038,perimeter_mid_zn_1,990.0050603648433,perimeter_bot_zn_1,82.831364600733821,perimeter_bot_zn_1,0,core_bottom,0,core_bottom,16704,14793,1874,0,37,2022,1345,13300,37,1874,0,2022,37,4476,26.795977011494255,0,0,False,35040,16704,4176,15,0.25,1729516723426.8081,101508121976.83525,480421.31206300226,28196.700549120902,508618.01261212316,20.046934865900383,25.92383560823755,6173.9074574225406,perimeter_mid_zn_1,997.28661651732352,perimeter_bot_zn_1,77.415117575523979,perimeter_bot_zn_1,0,core_bottom,0,core_bottom,16704,16128,576,0,0,1360,418,14926,0,576,0,1360,0,4476,26.795977011494255,0,0,True,-1731.9878317828407,-77.875079396744695,-1809.8629111796035,158.45079048233674,7.2815561524802206,-5.4162470252098416,0,0,-0.0035320881226041934,0.09765625,1335,-1298,0,-37,-662,-927,1626,-37,-662,-37,0,0,0,0,-0.35457760008190953
learned,rev01_learned48,REV01-L048-045,M5,rev01_p90_signal_a000_full24,paperb_p90_tail_asym_relax,paperb_p90_tail_asym_relax,SCALED-96-008,ahmedabad_ssp245_future_extreme,late_century_hot_extreme,Ahmedabad,ssp245,late_2080s,heatwave_extreme,2081,ahmedabad|ssp245|late_2080s|2081,,full_24_anchor_stress_test_grid,stress-test grid; time horizon and weather-year selection rule are confounded; not a causal future-climate contrast,0.90000000000000002,0.20000000000000001,0.10000000000000001,20,26,23.25,23.25,4,1,0.5,0,10,33.5,0.85433300000000001,93.200000000000003,corrected,training_contract,accepted_denver,35040,16704,4176,15,0.25,2071745817598.4272,89483282496.330795,575484.9493328965,24856.467360091887,600341.41669298836,20.04708453065134,25.854525862068964,8940.1999151128293,perimeter_bot_zn_1,2349.3441184715011,perimeter_bot_zn_1,201.57656229966727,perimeter_mid_zn_1,0,core_bottom,0,core_bottom,16704,15510,1183,1,10,1712,844,14138,10,1183,1,1712,10,2614,15.648946360153257,0,0,False,35040,16704,4176,15,0.25,2057632264283.6614,89473569931.893448,571564.51785657264,24853.769425525959,596418.28728209855,20.046875,25.953125,8988.0223037690012,perimeter_bot_zn_1,2371.8375250298891,perimeter_bot_zn_1,198.35284648610798,perimeter_mid_zn_1,0,core_bottom,0,core_bottom,16704,16704,0,0,0,1044,0,15660,0,0,0,1044,0,2614,15.648946360153257,0,0,True,-3920.4314763238654,-2.6979345659274259,-3923.1294108898146,47.822388656171825,22.49340655838796,-3.2237158135592949,0,0,-0.0002095306513396622,0.098599137931035585,1194,-1183,-1,-10,-668,-844,1522,-10,-668,-10,0,0,0,0,-0.65348305177753274
learned,rev01_learned48,REV01-L048-025,M5,rev01_p90_signal_a000_full24,paperb_p90_tail_asym_relax,paperb_p90_tail_asym_relax,SCALED-96-004,ahmedabad_ssp245_present_typical,present_typical,Ahmedabad,ssp245,baseline_2020s,typical,2025,ahmedabad|ssp245|baseline_2020s|2025,,full_24_anchor_stress_test_grid,stress-test grid; time horizon and weather-year selection rule are confounded; not a causal future-climate contrast,0.90000000000000002,0.20000000000000001,0.10000000000000001,20,26,23.25,23.25,4,1,0.5,0,10,33.5,0.85433300000000001,93.200000000000003,corrected,training_contract,accepted_denver,35040,16704,4176,15,0.25,1977508949117.6746,89280862022.079819,549308.04142157629,24800.239450577727,574108.28087215405,20.046934865900383,25.865496288314176,7951.3764458525784,perimeter_bot_zn_1,1859.1651510593629,perimeter_bot_zn_1,157.45041753233207,perimeter_bot_zn_1,0,core_bottom,0,core_bottom,16704,15629,1071,0,4,1642,764,14294,4,1071,0,1642,4,941,5.6333812260536398,0,0,False,35040,16704,4176,15,0.25,1964620044326.0098,89271613016.890396,545727.79009055824,24797.670282469553,570525.46037302783,20.046875,25.953125,7978.8112079894045,perimeter_bot_zn_1,1866.8252278666234,perimeter_bot_zn_1,143.29047176836357,perimeter_mid_zn_1,0,core_bottom,0,core_bottom,16704,16704,0,0,0,1044,0,15660,0,0,0,1044,0,941,5.6333812260536398,0,0,True,-3580.2513310180511,-2.5691681081734714,-3582.8204991262173,27.434762136826066,7.6600768072605661,-14.159945763968494,0,0,-5.9865900382760628e-05,0.087628711685823646,1075,-1071,0,-4,-598,-764,1366,-4,-598,-4,0,0,0,0,-0.62406703029668753
learned,rev01_learned48,REV01-L048-044,M5,rev01_p90_signal_a000_full24,paperb_p90_tail_asym_relax,paperb_p90_tail_asym_relax,SCALED-96-016,ahmedabad_ssp585_future_extreme,late_century_hot_extreme,Ahmedabad,ssp585,late_2080s,heatwave_extreme,2088,ahmedabad|ssp585|late_2080s|2088,,full_24_anchor_stress_test_grid,stress-test grid; time horizon and weather-year selection rule are confounded; not a causal future-climate contrast,0.90000000000000002,0.20000000000000001,0.10000000000000001,20,26,23.25,23.25,4,1,0.5,0,10,33.5,0.85433300000000001,93.200000000000003,corrected,training_contract,accepted_denver,35040,16704,4176,15,0.25,2159012788736.6438,89109922761.056839,599725.77464906767,24752.75632251579,624478.53097158344,20.047114463601531,25.815987188697317,10326.470024872098,perimeter_bot_zn_1,3392.2530430130878,perimeter_bot_zn_1,428.97520516750416,perimeter_bot_zn_1,0,core_bottom,0,core_bottom,16704,15004,1691,0,9,1954,1189,13552,9,1691,0,1954,9,4486,26.855842911877392,0,0,False,35040,16704,4176,15,0.25,2144223706445.332,89108146599.69165,595617.69623481447,24752.26294435879,620369.95917917322,20.046875,25.953125,10328.141751861856,perimeter_bot_zn_1,3378.3481615037199,perimeter_bot_zn_1,400.82206499694848,perimeter_bot_zn_1,0,core_bottom,0,core_bottom,16704,16704,0,0,0,1044,0,15660,0,0,0,1044,0,4486,26.855842911877392,0,0,True,-4108.078414253192,-0.49337815699982457,-4108.571792410221,1.6717269897580991,-13.904881509367897,-28.153140170555673,0,0,-0.00023946360153104251,0.13713781130268288,1700,-1691,0,-9,-910,-1189,2108,-9,-910,-9,0,0,0,0,-0.65792042298363329
learned,rev01_learned48,REV01-L048-035,M5,rev01_p90_signal_a000_full24,paperb_p90_tail_asym_relax,paperb_p90_tail_asym_relax,SCALED-96-012,ahmedabad_ssp585_present_typical,present_typical,Ahmedabad,ssp585,baseline_2020s,typical,2025,ahmedabad|ssp585|baseline_2020s|2025,,full_24_anchor_stress_test_grid,stress-test grid; time horizon and weather-year selection rule are confounded; not a causal future-climate contrast,0.90000000000000002,0.20000000000000001,0.10000000000000001,20,26,23.25,23.25,4,1,0.5,0,10,33.5,0.85433300000000001,93.200000000000003,corrected,training_contract,accepted_denver,35040,16704,4176,15,0.25,1959528851012.5723,89364240871.618881,544313.56972571451,24823.400242116357,569136.96996783081,20.047054597701148,25.880298132183906,8008.2891654493478,perimeter_bot_zn_1,2023.4741126902543,perimeter_mid_zn_1,177.83283220360562,perimeter_mid_zn_1,0,core_bottom,0,core_bottom,16704,15738,953,1,12,1590,668,14434,12,953,1,1590,12,830,4.9688697318007664,0,0,False,35040,16704,4176,15,0.25,1950379983825.7048,89349889705.910934,541772.21772936243,24819.413807197481,566591.6315365599,20.046875,25.953125,8023.6743146094077,perimeter_bot_zn_1,2021.6675853833942,perimeter_mid_zn_1,169.65731702315696,perimeter_mid_zn_1,0,core_bottom,0,core_bottom,16704,16704,0,0,0,1044,0,15660,0,0,0,1044,0,830,4.9688697318007664,0,0,True,-2541.3519963520812,-3.9864349188756023,-2545.3384312709095,15.385149160059882,-1.8065273068600618,-8.1755151804486559,0,0,-0.00017959770114828189,0.07282686781609371,966,-953,-1,-12,-546,-668,1226,-12,-546,-12,0,0,0,0,-0.44722774403756954
learned,rev01_learned48,REV01-L048-043,M5,rev01_p90_signal_a000_full24,paperb_p90_tail_asym_relax,paperb_p90_tail_asym_relax,SCALED-96-024,beijing_ssp245_future_extreme,late_century_hot_extreme,Beijing,ssp245,late_2080s,heatwave_extreme,2084,beijing|ssp245|late_2080s|2084,,full_24_anchor_stress_test_grid,stress-test grid; time horizon and weather-year selection rule are confounded; not a causal future-climate contrast,0.90000000000000002,0.20000000000000001,0.10000000000000001,20,26,23.25,23.25,4,1,0.5,0,10,33.5,0.85433300000000001,93.200000000000003,corrected,training_contract,accepted_denver,35040,16704,4176,15,0.25,1560833880090.6643,228345032297.6618,433564.96669185121,63429.175638239387,496994.14233009057,20.171024713479696,25.137946633086809,3873.030890105596,perimeter_mid_zn_1,863.72372959761765,perimeter_mid_zn_3,197.454678087556,perimeter_mid_zn_1,8.7845769045578255,perimeter_bot_zn_1,0.19704634334143023,perimeter_top_zn_2,16704,10370,6177,157,0,2750,3540,10414,0,6177,157,2750,0,6910,41.367337164750957,0,0,False,35040,16704,4176,15,0.25,1535531223918.2058,250953415924.8371,426536.45108839049,69709.282201343638,496245.73328973411,20.046875,25.953125,4690.6463172258591,perimeter_mid_zn_1,863.32732702166857,perimeter_mid_zn_3,197.45368023451283,perimeter_mid_zn_1,3.6539911050828175,perimeter_bot_zn_1,0.078034202191183955,perimeter_top_zn_2,16704,16704,0,0,0,1044,0,15660,0,0,0,1044,0,6910,41.367337164750957,0,0,True,-7028.5156034607207,6280.1065631042511,-748.40904035646236,817.61542712026312,-0.39640257594908235,-0.00099785304317379087,-5.1305857994750079,-0.11901214115024628,-0.12414971347969583,0.8151783669131909,6334,-6177,-157,0,-1706,-3540,5246,0,-1706,0,0,0,0,0,-0.1505870948191958
learned,rev01_learned48,REV01-L048-034,M5,rev01_p90_signal_a000_full24,paperb_p90_tail_asym_relax,paperb_p90_tail_asym_relax,SCALED-96-020,beijing_ssp245_present_typical,present_typical,Beijing,ssp245,baseline_2020s,typical,2026,beijing|ssp245|baseline_2020s|2026,,full_24_anchor_stress_test_grid,stress-test grid; time horizon and weather-year selection rule are confounded; not a causal future-climate contrast,0.90000000000000002,0.20000000000000001,0.10000000000000001,20,26,23.25,23.25,4,1,0.5,0,10,33.5,0.85433300000000001,93.200000000000003,corrected,training_contract,accepted_denver,35040,16704,4176,15,0.25,1396697307763.584,321172416895.42419,387971.4743787733,89214.560248728943,477186.03462750226,20.156006813049316,25.28811592525906,2107.2226049801388,perimeter_mid_zn_1,28.935104659879016,perimeter_mid_zn_3,0,core_bottom,77.573604558672045,perimeter_bot_zn_1,13.081533135150416,perimeter_bot_zn_1,16704,10976,5306,422,0,2898,3404,10402,0,5306,422,2898,0,6576,39.367816091954019,0,0,False,35040,16704,4176,15,0.25,1371900144538.468,345994966433.48047,381083.37348290777,96109.712898189013,477193.0863810968,20.046875,25.953125,2741.1631543082849,perimeter_mid_zn_1,28.935104668594182,perimeter_mid_zn_3,0,core_bottom,63.068649958110143,perimeter_bot_zn_1,9.5544488486141859,perimeter_bot_zn_1,16704,16704,0,0,0,1044,0,15660,0,0,0,1044,0,6576,39.367816091954019,0,0,True,-6888.1008958655293,6895.1526494600694,7.0517535945400596,633.94054932814606,8.7151654781791876e-09,0,-14.504954600561902,-3.5270842865362297,-0.10913181304931641,0.66500907474094006,5728,-5306,-422,0,-1854,-3404,5258,0,-1854,0,0,0,0,0,0.0014777787032356788
learned,rev01_learned48,REV01-L048-042,M5,rev01_p90_signal_a000_full24,paperb_p90_tail_asym_relax,paperb_p90_tail_asym_relax,SCALED-96-032,beijing_ssp585_future_extreme,late_century_hot_extreme,Beijing,ssp585,late_2080s,heatwave_extreme,2089,beijing|ssp585|late_2080s|2089,,full_24_anchor_stress_test_grid,stress-test grid; time horizon and weather-year selection rule are confounded; not a causal future-climate contrast,0.90000000000000002,0.20000000000000001,0.10000000000000001,20,26,23.25,23.25,4,1,0.5,0,10,33.5,0.85433300000000001,93.200000000000003,corrected,training_contract,accepted_denver,35040,16704,4176,15,0.25,1642741415905.2485,220718709955.86081,456317.05997368012,61310.752765516889,517627.81273919699,20.184821614817185,25.261567842914683,4153.658304462082,perimeter_mid_zn_1,870.16095159782344,perimeter_mid_zn_3,141.33155757676178,perimeter_mid_zn_3,10.76704950521775,perimeter_bot_zn_1,0,core_bottom,16704,11202,5278,223,1,2622,3266,10815,1,5278,223,2622,1,5936,35.536398467432953,0,0,False,35040,16704,4176,15,0.25,1618862955894.5801,241269427428.49954,449684.15441516112,67019.285396805426,516703.43981196656,20.046875,25.953125,4863.9386910863332,perimeter_mid_zn_1,869.97239717235584,perimeter_mid_zn_3,141.33096025845319,perimeter_mid_zn_3,4.1818513150171324,perimeter_bot_zn_1,0,core_bottom,16704,16704,0,0,0,1044,0,15660,0,0,0,1044,0,5936,35.536398467432953,0,0,True,-6632.9055585190072,5708.5326312885372,-924.37292723043356,710.28038662425115,-0.18855442546760059,-0.00059731830859277579,-6.585198190200618,0,-0.13794661481718506,0.69155715708531673,5502,-5278,-223,-1,-1578,-3266,4845,-1,-1578,-1,0,0,0,0,-0.17857868230433979
learned,rev01_learned48,REV01-L048-033,M5,rev01_p90_signal_a000_full24,paperb_p90_tail_asym_relax,paperb_p90_tail_asym_relax,SCALED-96-028,beijing_ssp585_present_typical,present_typical,Beijing,ssp585,baseline_2020s,typical,2026,beijing|ssp585|baseline_2020s|2026,,full_24_anchor_stress_test_grid,stress-test grid; time horizon and weather-year selection rule are confounded; not a causal future-climate contrast,0.90000000000000002,0.20000000000000001,0.10000000000000001,20,26,23.25,23.25,4,1,0.5,0,10,33.5,0.85433300000000001,93.200000000000003,corrected,training_contract,accepted_denver,35040,16704,4176,15,0.25,1405372962588.3425,336468767550.19434,390381.37849676184,93463.546541720643,483844.92503848247,20.225292596780477,25.208533747442836,2114.8550810487386,perimeter_mid_zn_1,8.062753445823315,perimeter_top_zn_4,0,core_bottom,100.00052115553521,perimeter_bot_zn_1,22.895306725414311,perimeter_bot_zn_1,16704,10685,5616,403,0,2759,3561,10384,0,5616,403,2759,0,7026,42.061781609195407,0,0,False,35040,16704,4176,15,0.25,1378341155457.3027,363345604517.9248,382872.54318258411,100929.33458831244,483801.87777089654,20.046875,25.953125,2763.3948208036186,perimeter_mid_zn_1,8.1890388726310306,perimeter_top_zn_4,0,core_bottom,84.32560133009855,perimeter_bot_zn_1,19.929303497012036,perimeter_bot_zn_1,16704,16704,0,0,0,1044,0,15660,0,0,0,1044,0,7026,42.061781609195407,0,0,True,-7508.8353141777334,7465.7880465917988,-43.047267585934605,648.53973975487997,0.1262854268077156,0,-15.67491982543666,-2.9660032284022755,-0.17841759678047708,0.7445912525571643,6019,-5616,-403,0,-1715,-3561,5276,0,-1715,0,0,0,0,0,-0.0088969141471331656
learned,rev01_learned48,REV01-L048-047,M5,rev01_p90_signal_a000_full24,paperb_p90_tail_asym_relax,paperb_p90_tail_asym_relax,SCALED-96-040,guangzhou_ssp245_future_extreme,late_century_hot_extreme,Guangzhou,ssp245,late_2080s,heatwave_extreme,2088,guangzhou|ssp245|late_2080s|2088,,full_24_anchor_stress_test_grid,stress-test grid; time horizon and weather-year selection rule are confounded; not a causal future-climate contrast,0.90000000000000002,0.20000000000000001,0.10000000000000001,20,26,23.25,23.25,4,1,0.5,0,10,33.5,0.85433300000000001,93.200000000000003,corrected,training_contract,accepted_denver,35040,16704,4176,15,0.25,1917082248974.4478,100662947426.72334,532522.84693734662,27961.929840756486,560484.77677810309,20.048641044061302,25.919136135057471,7176.6025837620673,perimeter_mid_zn_1,1678.0943216634282,perimeter_mid_zn_1,119.663455275179,perimeter_mid_zn_1,0,core_bottom,0,core_bottom,16704,16168,530,1,5,1373,366,14960,5,530,1,1373,5,0,0,0,0,False,35040,16704,4176,15,0.25,1916649814952.1433,101051089847.76558,532402.72637559532,28069.747179934882,560472.47355553019,20.046875,25.953125,7194.3853046481199,perimeter_mid_zn_1,1676.3516565891682,perimeter_mid_zn_1,118.717082516452,perimeter_mid_zn_1,0,core_bottom,0,core_bottom,16704,16704,0,0,0,1044,0,15660,0,0,0,1044,0,0,0,0,0,True,-120.12056175130419,107.81733917839665,-12.30322257289663,17.78272088605263,-1.7426650742600032,-0.94637275872700855,0,0,-0.0017660440613020967,0.033988864942529062,536,-530,-1,-5,-329,-366,700,-5,-329,-5,0,0,0,0,-0.0021951037891913159
learned,rev01_learned48,REV01-L048-032,M5,rev01_p90_signal_a000_full24,paperb_p90_tail_asym_relax,paperb_p90_tail_asym_relax,SCALED-96-036,guangzhou_ssp245_present_typical,present_typical,Guangzhou,ssp245,baseline_2020s,typical,2025,guangzhou|ssp245|baseline_2020s|2025,,full_24_anchor_stress_test_grid,stress-test grid; time horizon and weather-year selection rule are confounded; not a causal future-climate contrast,0.90000000000000002,0.20000000000000001,0.10000000000000001,20,26,23.25,23.25,4,1,0.5,0,10,33.5,0.85433300000000001,93.200000000000003,corrected,training_contract,accepted_denver,35040,16704,4176,15,0.25,1768334868948.5105,97795501213.948227,491204.13026347512,27165.417003874507,518369.54726734961,20.047653256704979,25.944938338122604,5397.4362429522462,perimeter_mid_zn_1,747.73696083080813,perimeter_bot_zn_1,24.787273518466879,perimeter_mid_zn_1,0,core_bottom,0,core_bottom,16704,16543,157,0,4,1144,107,15449,4,157,0,1144,4,0,0,0,0,False,35040,16704,4176,15,0.25,1768052511769.511,97775474970.022797,491125.69771375303,27159.854158339665,518285.55187209271,20.046875,25.953125,5395.876752249831,perimeter_mid_zn_1,745.2255321732772,perimeter_bot_zn_1,23.403922894302564,perimeter_mid_zn_1,0,core_bottom,0,core_bottom,16704,16704,0,0,0,1044,0,15660,0,0,0,1044,0,0,0,0,0,True,-78.432549722085241,-5.5628455348414718,-83.995395256904885,-1.5594907024151325,-2.5114286575309279,-1.383350624164315,0,0,-0.00077825670497944088,0.0081866618773958066,161,-157,0,-4,-100,-107,211,-4,-100,-4,0,0,0,0,-0.016203767312276966
learned,rev01_learned48,REV01-L048-041,M5,rev01_p90_signal_a000_full24,paperb_p90_tail_asym_relax,paperb_p90_tail_asym_relax,SCALED-96-048,guangzhou_ssp585_future_extreme,late_century_hot_extreme,Guangzhou,ssp585,late_2080s,heatwave_extreme,2086,guangzhou|ssp585|late_2080s|2086,,full_24_anchor_stress_test_grid,stress-test grid; time horizon and weather-year selection rule are confounded; not a causal future-climate contrast,0.90000000000000002,0.20000000000000001,0.10000000000000001,20,26,23.25,23.25,4,1,0.5,0,10,33.5,0.85433300000000001,93.200000000000003,corrected,training_contract,accepted_denver,35040,16704,4176,15,0.25,2102568260956.95,98571729643.712067,584046.73915470834,27381.036012142242,611427.77516685054,20.047772988505749,25.753427322796934,9794.5310553079889,perimeter_mid_zn_1,3631.3976769044807,perimeter_bot_zn_1,798.05746422812899,perimeter_bot_zn_1,0,core_bottom,0,core_bottom,16704,14592,2099,0,13,2074,1435,13182,13,2099,0,2074,13,3020,18.079501915708811,0,0,False,35040,16704,4176,15,0.25,2101102056616.522,99179876686.243088,583639.4601712561,27549.965746178634,611189.42591743474,20.046875,25.953125,9800.3336874962952,perimeter_mid_zn_1,3617.9910212772165,perimeter_bot_zn_1,792.1199403349458,perimeter_bot_zn_1,0,core_bottom,0,core_bottom,16704,16704,0,0,0,1044,0,15660,0,0,0,1044,0,3020,18.079501915708811,0,0,True,-407.27898345224094,168.92973403639189,-238.34924941579811,5.8026321883062337,-13.406655627264172,-5.9375238931831973,0,0,-0.00089798850574851485,0.19969767720306564,2112,-2099,0,-13,-1030,-1435,2478,-13,-1030,-13,0,0,0,0,-0.038982404643092272
learned,rev01_learned48,REV01-L048-036,M5,rev01_p90_signal_a000_full24,paperb_p90_tail_asym_relax,paperb_p90_tail_asym_relax,SCALED-96-044,guangzhou_ssp585_present_typical,present_typical,Guangzhou,ssp585,baseline_2020s,typical,2025,guangzhou|ssp585|baseline_2020s|2025,,full_24_anchor_stress_test_grid,stress-test grid; time horizon and weather-year selection rule are confounded; not a causal future-climate contrast,0.90000000000000002,0.20000000000000001,0.10000000000000001,20,26,23.25,23.25,4,1,0.5,0,10,33.5,0.85433300000000001,93.200000000000003,corrected,training_contract,accepted_denver,35040,16704,4176,15,0.25,1762484152638.6426,105293162044.23643,489578.93128851184,29248.100567843456,518827.03185635532,20.047204262452109,25.9183279454023,5137.527074287681,perimeter_mid_zn_1,674.80222182353202,perimeter_mid_zn_1,12.335958350140285,perimeter_mid_zn_1,0,core_bottom,0,core_bottom,16704,16155,543,0,6,1350,382,14966,6,543,0,1350,6,536,3.2088122605363987,0,0,False,35040,16704,4176,15,0.25,1761405202411.5454,105969624475.03168,489279.22289209598,29436.00679861991,518715.2296907159,20.046875,25.953125,5163.3176507546095,perimeter_mid_zn_1,669.50160242671666,perimeter_mid_zn_1,10.047621892561232,perimeter_mid_zn_1,0,core_bottom,0,core_bottom,16704,16704,0,0,0,1044,0,15660,0,0,0,1044,0,536,3.2088122605363987,0,0,True,-299.70839641586645,187.90623077645432,-111.80216563941212,25.790576466928542,-5.3006193968153639,-2.288336457579053,0,0,-0.00032926245210873617,0.034797054597699884,549,-543,0,-6,-306,-382,694,-6,-306,-6,0,0,0,0,-0.021549024776019408
learned,rev01_learned48,REV01-L048-040,M5,rev01_p90_signal_a000_full24,paperb_p90_tail_asym_relax,paperb_p90_tail_asym_relax,SCALED-96-056,houston_ssp245_future_extreme,late_century_hot_extreme,Houston,ssp245,late_2080s,heatwave_extreme,2081,houston|ssp245|late_2080s|2081,,full_24_anchor_stress_test_grid,stress-test grid; time horizon and weather-year selection rule are confounded; not a causal future-climate contrast,0.90000000000000002,0.20000000000000001,0.10000000000000001,20,26,23.25,23.25,4,1,0.5,0,10,33.5,0.85433300000000001,93.200000000000003,corrected,training_contract,accepted_denver,35040,16704,4176,15,0.25,1787802724579.2861,120320226319.12231,496611.86793869059,33422.285088645091,530034.15302733565,20.050631585249043,25.880747126436781,5619.579400301157,perimeter_mid_zn_1,994.15870104366923,perimeter_mid_zn_1,81.184419011636436,perimeter_mid_zn_2,0,core_bottom,0,core_bottom,16704,15690,1014,0,0,1613,707,14384,0,1014,0,1613,0,604,3.6159003831417627,0,0,False,35040,16704,4176,15,0.25,1785027037253.6499,122409977405.2746,495840.84368156944,34002.771501465169,529843.61518303456,20.046875,25.953125,5713.2145797813346,perimeter_mid_zn_1,987.43060130466995,perimeter_mid_zn_1,81.15577579910304,perimeter_mid_zn_2,0,core_bottom,0,core_bottom,16704,16704,0,0,0,1044,0,15660,0,0,0,1044,0,604,3.6159003831417627,0,0,True,-771.024257121142,580.48641282007884,-190.53784430108499,93.635179480177612,-6.7280997389992763,-0.028643212533395968,0,0,-0.0037565852490430984,0.072377873563219453,1014,-1014,0,0,-569,-707,1276,0,-569,0,0,0,0,0,-0.035948220168985662
learned,rev01_learned48,REV01-L048-030,M5,rev01_p90_signal_a000_full24,paperb_p90_tail_asym_relax,paperb_p90_tail_asym_relax,SCALED-96-052,houston_ssp245_present_typical,present_typical,Houston,ssp245,baseline_2020s,typical,2027,houston|ssp245|baseline_2020s|2027,,full_24_anchor_stress_test_grid,stress-test grid; time horizon and weather-year selection rule are confounded; not a causal future-climate contrast,0.90000000000000002,0.20000000000000001,0.10000000000000001,20,26,23.25,23.25,4,1,0.5,0,10,33.5,0.85433300000000001,93.200000000000003,corrected,training_contract,accepted_denver,35040,16704,4176,15,0.25,1706438242943.6355,105236123843.68999,474010.62303989875,29232.25662324722,503242.87966314598,20.049524066091955,25.924479166666668,4556.4850299038972,perimeter_mid_zn_1,333.84613976760716,perimeter_mid_zn_1,18.552238329386316,perimeter_mid_zn_1,0,core_bottom,0,core_bottom,16704,16277,427,0,0,1281,306,15117,0,427,0,1281,0,89,0.53280651340996166,0,0,False,35040,16704,4176,15,0.25,1705517877654.3438,105467921894.47606,473754.96601509547,29296.644970687794,503051.61098578328,20.046875,25.953125,4582.5784431619568,perimeter_mid_zn_1,328.64913456676481,perimeter_mid_zn_1,17.112582911500525,perimeter_mid_zn_2,0,core_bottom,0,core_bottom,16704,16704,0,0,0,1044,0,15660,0,0,0,1044,0,89,0.53280651340996166,0,0,True,-255.65702480328036,64.388347440573853,-191.26867736270651,26.093413258059627,-5.1970052008423409,-1.4396554178857919,0,0,-0.0026490660919549214,0.028645833333332149,427,-427,0,0,-237,-306,543,0,-237,0,0,0,0,0,-0.038007229727867263
learned,rev01_learned48,REV01-L048-039,M5,rev01_p90_signal_a000_full24,paperb_p90_tail_asym_relax,paperb_p90_tail_asym_relax,SCALED-96-064,houston_ssp585_future_extreme,late_century_hot_extreme,Houston,ssp585,late_2080s,heatwave_extreme,2086,houston|ssp585|late_2080s|2086,,full_24_anchor_stress_test_grid,stress-test grid; time horizon and weather-year selection rule are confounded; not a causal future-climate contrast,0.90000000000000002,0.20000000000000001,0.10000000000000001,20,26,23.25,23.25,4,1,0.5,0,10,33.5,0.85433300000000001,93.200000000000003,corrected,training_contract,accepted_denver,35040,16704,4176,15,0.25,1882595729785.7617,103449866882.80965,522943.25827382272,28736.074134113791,551679.33240793645,20.047383860153257,25.921021910919539,6742.3288853015292,perimeter_mid_zn_1,1541.7741800358542,perimeter_mid_zn_1,179.87257493348503,perimeter_bot_zn_1,0,core_bottom,0,core_bottom,16704,16118,579,0,7,1434,384,14879,7,579,0,1434,7,0,0,0,0,False,35040,16704,4176,15,0.25,1882271968362.1272,103470322473.56799,522853.32454503531,28741.756242657775,551595.08078769303,20.046875,25.953125,6751.1947200576442,perimeter_mid_zn_1,1540.2855219263097,perimeter_mid_zn_1,179.74987053847488,perimeter_bot_zn_1,0,core_bottom,0,core_bottom,16704,16704,0,0,0,1044,0,15660,0,0,0,1044,0,0,0,0,0,True,-89.933728787407745,5.6821085439842136,-84.251620243419893,8.865834756114964,-1.4886581095445308,-0.12270439501014607,0,0,-0.00050886015325701806,0.032103089080461444,586,-579,0,-7,-390,-384,781,-7,-390,-7,0,0,0,0,-0.015271846395927782
learned,rev01_learned48,REV01-L048-029,M5,rev01_p90_signal_a000_full24,paperb_p90_tail_asym_relax,paperb_p90_tail_asym_relax,SCALED-96-060,houston_ssp585_present_typical,present_typical,Houston,ssp585,baseline_2020s,typical,2025,houston|ssp585|baseline_2020s|2025,,full_24_anchor_stress_test_grid,stress-test grid; time horizon and weather-year selection rule are confounded; not a causal future-climate contrast,0.90000000000000002,0.20000000000000001,0.10000000000000001,20,26,23.25,23.25,4,1,0.5,0,10,33.5,0.85433300000000001,93.200000000000003,corrected,training_contract,accepted_denver,35040,16704,4176,15,0.25,1727782842263.1074,122350045685.47211,479939.67840641871,33986.123801520029,513925.80220793874,20.049045138888889,25.865735751915707,5008.8305335457098,perimeter_mid_zn_1,688.1858273959491,perimeter_mid_zn_1,46.579007274538498,perimeter_mid_zn_2,2.3905232535540728,perimeter_bot_zn_1,0,core_bottom,16704,15592,1102,0,10,1602,755,14337,10,1102,0,1602,10,1170,7.0043103448275854,0,0,False,35040,16704,4176,15,0.25,1725674614406.3923,125519213191.33098,479354.0595573312,34866.448108703051,514220.50766603427,20.046875,25.953125,5100.7025285498439,perimeter_mid_zn_1,686.53144136426829,perimeter_mid_zn_1,46.387674914583343,perimeter_mid_zn_2,1.3560801170430219,perimeter_bot_zn_1,0,core_bottom,16704,16704,0,0,0,1044,0,15660,0,0,0,1044,0,1170,7.0043103448275854,0,0,True,-585.61884908750653,880.32430718302203,294.70545809553005,91.871995004134078,-1.654386031680815,-0.19133235995515463,-1.0344431365110509,0,-0.0021701388888892836,0.087389248084292603,1112,-1102,0,-10,-558,-755,1323,-10,-558,-10,0,0,0,0,0.057343970049647308
learned,rev01_learned48,REV01-L048-038,M5,rev01_p90_signal_a000_full24,paperb_p90_tail_asym_relax,paperb_p90_tail_asym_relax,SCALED-96-072,kolkata_ssp245_future_extreme,late_century_hot_extreme,Kolkata,ssp245,late_2080s,heatwave_extreme,2086,kolkata|ssp245|late_2080s|2086,,full_24_anchor_stress_test_grid,stress-test grid; time horizon and weather-year selection rule are confounded; not a causal future-climate contrast,0.90000000000000002,0.20000000000000001,0.10000000000000001,20,26,23.25,23.25,4,1,0.5,0,10,33.5,0.85433300000000001,93.200000000000003,corrected,training_contract,accepted_denver,35040,16704,4176,15,0.25,2102407183958.918,89146542644.962311,584001.99554414384,24762.928512489532,608764.92405663338,20.047653256704979,25.874386374521073,8807.1768073647563,perimeter_mid_zn_1,2600.3390669508171,perimeter_mid_zn_1,353.60943005927129,perimeter_mid_zn_1,0,core_bottom,0,core_bottom,16704,15774,925,0,5,1516,591,14592,5,925,0,1516,5,890,5.3280651340996164,0,0,False,35040,16704,4176,15,0.25,2100780628555.5879,89144756128.526108,583550.17459877441,24762.43225792392,608312.60685669829,20.046875,25.953125,8795.2851207453223,perimeter_mid_zn_1,2586.4736800408955,perimeter_mid_zn_1,344.25613047150415,perimeter_mid_zn_1,0,core_bottom,0,core_bottom,16704,16704,0,0,0,1044,0,15660,0,0,0,1044,0,890,5.3280651340996164,0,0,True,-451.82094536942896,-0.49625456561261672,-452.31719993508887,-11.89168661943404,-13.865386909921654,-9.3532995877671397,0,0,-0.00077825670497944088,0.078738625478926849,930,-925,0,-5,-472,-591,1068,-5,-472,-5,0,0,0,0,-0.074300798561286657
learned,rev01_learned48,REV01-L048-028,M5,rev01_p90_signal_a000_full24,paperb_p90_tail_asym_relax,paperb_p90_tail_asym_relax,SCALED-96-068,kolkata_ssp245_present_typical,present_typical,Kolkata,ssp245,baseline_2020s,typical,2026,kolkata|ssp245|baseline_2020s|2026,,full_24_anchor_stress_test_grid,stress-test grid; time horizon and weather-year selection rule are confounded; not a causal future-climate contrast,0.90000000000000002,0.20000000000000001,0.10000000000000001,20,26,23.25,23.25,4,1,0.5,0,10,33.5,0.85433300000000001,93.200000000000003,corrected,training_contract,accepted_denver,35040,16704,4176,15,0.25,1954381321233.4585,89977285647.993988,542883.70034262736,24993.690457776109,567877.39080040343,20.0472341954023,25.927502394636015,6903.0692310933619,perimeter_mid_zn_1,1282.5233757366607,perimeter_mid_zn_1,51.699673996357234,perimeter_mid_zn_1,0,core_bottom,0,core_bottom,16704,16319,382,0,3,1268,269,15164,3,382,0,1268,3,39,0.2334770114942529,0,0,False,35040,16704,4176,15,0.25,1953343254048.4209,89977639338.097321,542595.34834678355,24993.788705027033,567589.13705181063,20.046875,25.953125,6889.6948660221587,perimeter_mid_zn_1,1269.3767775867839,perimeter_mid_zn_1,47.359991407720656,perimeter_mid_zn_1,0,core_bottom,0,core_bottom,16704,16704,0,0,0,1044,0,15660,0,0,0,1044,0,39,0.2334770114942529,0,0,True,-288.35199584381189,0.098247250924032414,-288.25374859280419,-13.374365071203101,-13.146598149876809,-4.3396825886365775,0,0,-0.00035919540230011648,0.025622605363984974,385,-382,0,-3,-224,-269,496,-3,-224,-3,0,0,0,0,-0.050759856487070307
learned,rev01_learned48,REV01-L048-037,M5,rev01_p90_signal_a000_full24,paperb_p90_tail_asym_relax,paperb_p90_tail_asym_relax,SCALED-96-080,kolkata_ssp585_future_extreme,late_century_hot_extreme,Kolkata,ssp585,late_2080s,heatwave_extreme,2080,kolkata|ssp585|late_2080s|2080,,full_24_anchor_stress_test_grid,stress-test grid; time horizon and weather-year selection rule are confounded; not a causal future-climate contrast,0.90000000000000002,0.20000000000000001,0.10000000000000001,20,26,23.25,23.25,4,1,0.5,0,10,33.5,0.85433300000000001,93.200000000000003,corrected,training_contract,accepted_denver,35040,16704,4176,15,0.25,2276159912202.1084,89033568706.948776,632266.64227836346,24731.546863041327,656998.18914140482,20.047024664750957,25.756914511494251,11053.947493384516,perimeter_mid_zn_1,4224.2538324502821,perimeter_mid_zn_1,896.40725665169407,perimeter_mid_zn_1,0,core_bottom,0,core_bottom,16704,14675,2013,1,15,2034,1363,13292,15,2013,1,2034,15,3129,18.732040229885058,0,0,False,35040,16704,4176,15,0.25,2274208664914.0029,89030200123.353271,631724.62914277858,24730.611145375908,656455.24028815445,20.046875,25.953125,11038.839399421186,perimeter_mid_zn_1,4207.4632841022794,perimeter_mid_zn_1,884.96097955991661,perimeter_mid_zn_1,0,core_bottom,0,core_bottom,16704,16704,0,0,0,1044,0,15660,0,0,0,1044,0,3129,18.732040229885058,0,0,True,-542.01313558488619,-0.93571766541936086,-542.94885325036012,-15.108093963330248,-16.790548348002631,-11.446277091777461,0,0,-0.00014966475095690157,0.19621048850574851,2029,-2013,-1,-15,-990,-1363,2368,-15,-990,-15,0,0,0,0,-0.082640844712206965
learned,rev01_learned48,REV01-L048-027,M5,rev01_p90_signal_a000_full24,paperb_p90_tail_asym_relax,paperb_p90_tail_asym_relax,SCALED-96-076,kolkata_ssp585_present_typical,present_typical,Kolkata,ssp585,baseline_2020s,typical,2029,kolkata|ssp585|baseline_2020s|2029,,full_24_anchor_stress_test_grid,stress-test grid; time horizon and weather-year selection rule are confounded; not a causal future-climate contrast,0.90000000000000002,0.20000000000000001,0.10000000000000001,20,26,23.25,23.25,4,1,0.5,0,10,33.5,0.85433300000000001,93.200000000000003,corrected,training_contract,accepted_denver,35040,16704,4176,15,0.25,1889337297349.2075,90360923206.549728,524815.91593033541,25100.256446263815,549916.17237659928,20.047174329501917,25.942244372605366,6065.1959836985834,perimeter_mid_zn_1,802.45628454620226,perimeter_mid_zn_1,13.210550699690961,perimeter_mid_zn_1,0,core_bottom,0,core_bottom,16704,16505,197,0,2,1168,135,15399,2,197,0,1168,2,0,0,0,0,False,35040,16704,4176,15,0.25,1888997181428.7231,90365078077.988815,524721.43928575644,25101.410577219114,549822.84986297553,20.046875,25.953125,6060.824910544713,perimeter_mid_zn_1,797.75690132361569,perimeter_mid_zn_1,11.547922665217973,perimeter_mid_zn_1,0,core_bottom,0,core_bottom,16704,16704,0,0,0,1044,0,15660,0,0,0,1044,0,0,0,0,0,True,-94.4766445789719,1.154130955299479,-93.322513623745181,-4.371073153870384,-4.6993832225865617,-1.6626280344729878,0,0,-0.00029932950191735586,0.010880627394634246,199,-197,0,-2,-124,-135,261,-2,-124,-2,0,0,0,0,-0.016970316261191006
learned,rev01_learned48,REV01-L048-046,M5,rev01_p90_signal_a000_full24,paperb_p90_tail_asym_relax,paperb_p90_tail_asym_relax,SCALED-96-088,phoenix_ssp245_future_extreme,late_century_hot_extreme,Phoenix,ssp245,late_2080s,heatwave_extreme,2086,phoenix|ssp245|late_2080s|2086,,full_24_anchor_stress_test_grid,stress-test grid; time horizon and weather-year selection rule are confounded; not a causal future-climate contrast,0.90000000000000002,0.20000000000000001,0.10000000000000001,20,26,23.25,23.25,4,1,0.5,0,10,33.5,0.85433300000000001,93.200000000000003,corrected,training_contract,accepted_denver,35040,16704,4176,15,0.25,1867901084548.0537,96696444271.177567,518861.41237445938,26860.123408660435,545721.53578311985,20.049568965517242,25.849991020114942,7373.7404084298314,perimeter_bot_zn_1,1642.6015450400055,perimeter_bot_zn_1,295.64798992703749,perimeter_bot_zn_1,0,core_bottom,0,core_bottom,16704,15258,1400,1,45,1822,985,13852,45,1400,1,1822,45,5369,32.142001915708811,0,0,False,35040,16704,4176,15,0.25,1862008982053.8347,96645536339.437393,517224.71723717632,26845.982316510388,544070.69955368666,20.046875,25.953125,7481.0962454478986,perimeter_bot_zn_1,1646.0391111986894,perimeter_bot_zn_1,285.9074204202816,perimeter_bot_zn_1,0,core_bottom,0,core_bottom,16704,16704,0,0,0,1044,0,15660,0,0,0,1044,0,5369,32.142001915708811,0,0,True,-1636.6951372830663,-14.141092150046461,-1650.8362294331891,107.35583701806718,3.4375661586839215,-9.7405695067558895,0,0,-0.0026939655172419918,0.10313397988505812,1446,-1400,-1,-45,-778,-985,1808,-45,-778,-45,0,0,0,0,-0.30250523777922939
learned,rev01_learned48,REV01-L048-026,M5,rev01_p90_signal_a000_full24,paperb_p90_tail_asym_relax,paperb_p90_tail_asym_relax,SCALED-96-084,phoenix_ssp245_present_typical,present_typical,Phoenix,ssp245,baseline_2020s,typical,2026,phoenix|ssp245|baseline_2020s|2026,,full_24_anchor_stress_test_grid,stress-test grid; time horizon and weather-year selection rule are confounded; not a causal future-climate contrast,0.90000000000000002,0.20000000000000001,0.10000000000000001,20,26,23.25,23.25,4,1,0.5,0,10,33.5,0.85433300000000001,93.200000000000003,corrected,training_contract,accepted_denver,35040,16704,4176,15,0.25,1704069697417.9314,103426921753.86841,473352.69372720318,28729.70048718567,502082.39421438886,20.051858836206897,25.776236230842912,5875.524660764846,perimeter_mid_zn_1,867.67831656877627,perimeter_mid_zn_1,27.98659727653963,perimeter_bot_zn_1,0,core_bottom,0,core_bottom,16704,14630,2071,0,3,2037,1475,13189,3,2071,0,2037,3,2671,15.990181992337165,0,0,False,35040,16704,4176,15,0.25,1694625083134.8167,103169454335.89253,470729.18975967128,28658.181759970146,499387.37151964143,20.046875,25.953125,6197.5791302645139,perimeter_mid_zn_1,975.19846433792668,perimeter_mid_zn_1,31.615408774344985,perimeter_mid_zn_1,0,core_bottom,0,core_bottom,16704,16704,0,0,0,1044,0,15660,0,0,0,1044,0,2671,15.990181992337165,0,0,True,-2623.5039675318985,-71.518727215523541,-2695.0226947474293,322.0544694996679,107.52014776915041,3.6288114978053549,0,0,-0.0049838362068967967,0.17688876915708818,2074,-2071,0,-3,-993,-1475,2471,-3,-993,-3,0,0,0,0,-0.53676900958942142
learned,rev01_learned48,REV01-L048-048,M5,rev01_p90_signal_a000_full24,paperb_p90_tail_asym_relax,paperb_p90_tail_asym_relax,SCALED-96-096,phoenix_ssp585_future_extreme,late_century_hot_extreme,Phoenix,ssp585,late_2080s,heatwave_extreme,2085,phoenix|ssp585|late_2080s|2085,,full_24_anchor_stress_test_grid,stress-test grid; time horizon and weather-year selection rule are confounded; not a causal future-climate contrast,0.90000000000000002,0.20000000000000001,0.10000000000000001,20,26,23.25,23.25,4,1,0.5,0,10,33.5,0.85433300000000001,93.200000000000003,corrected,training_contract,accepted_denver,35040,16704,4176,15,0.25,1950813321310.4031,91538649647.834839,541892.58925288974,25427.402679954121,567319.99193284381,20.047413793103448,25.892465876436781,8089.2502858511825,perimeter_bot_zn_1,2235.0735571443233,perimeter_bot_zn_1,448.2061497412281,perimeter_bot_zn_1,0,core_bottom,0,core_bottom,16704,15917,707,3,77,1438,477,14712,77,707,3,1438,77,6449,38.60751915708812,0,0,False,35040,16704,4176,15,0.25,1949153766044.4429,91508385331.895981,541431.60167901195,25418.995925526662,566850.59760453866,20.046875,25.953125,8089.1296416918967,perimeter_bot_zn_1,2228.8810263650398,perimeter_bot_zn_1,442.4313976950852,perimeter_bot_zn_1,0,core_bottom,0,core_bottom,16704,16704,0,0,0,1044,0,15660,0,0,0,1044,0,6449,38.60751915708812,0,0,True,-460.98757387779187,-8.4067544274585089,-469.39432830514852,-0.12064415928580274,-6.1925307792835156,-5.7747520461429076,0,0,-0.00053879310344839837,0.060659123563219453,787,-707,-3,-77,-394,-477,948,-77,-394,-77,0,0,0,0,-0.082738901321974354
learned,rev01_learned48,REV01-L048-031,M5,rev01_p90_signal_a000_full24,paperb_p90_tail_asym_relax,paperb_p90_tail_asym_relax,SCALED-96-092,phoenix_ssp585_present_typical,present_typical,Phoenix,ssp585,baseline_2020s,typical,2029,phoenix|ssp585|baseline_2020s|2029,,full_24_anchor_stress_test_grid,stress-test grid; time horizon and weather-year selection rule are confounded; not a causal future-climate contrast,0.90000000000000002,0.20000000000000001,0.10000000000000001,20,26,23.25,23.25,4,1,0.5,0,10,33.5,0.85433300000000001,93.200000000000003,corrected,training_contract,accepted_denver,35040,16704,4176,15,0.25,1735751879621.2263,101788472262.66353,482153.2998947851,28274.575628517647,510427.87552330276,20.050466954022987,25.82617935823755,6015.4566669402038,perimeter_mid_zn_1,990.0050603648433,perimeter_bot_zn_1,82.831364600733821,perimeter_bot_zn_1,0,core_bottom,0,core_bottom,16704,14793,1874,0,37,2022,1345,13300,37,1874,0,2022,37,4476,26.795977011494255,0,0,False,35040,16704,4176,15,0.25,1727745791905.8645,101176974594.61093,479929.38664051791,28104.715165169702,508034.10180568759,20.046875,25.953125,6260.0602581481135,perimeter_mid_zn_1,1001.9381384550009,perimeter_mid_zn_1,77.415117575117762,perimeter_bot_zn_1,0,core_bottom,0,core_bottom,16704,16704,0,0,0,1044,0,15660,0,0,0,1044,0,4476,26.795977011494255,0,0,True,-2223.9132542671869,-169.86046334794446,-2393.7737176151713,244.60359120790963,11.933078090157551,-5.4162470256160589,0,0,-0.003591954022986954,0.12694564176245038,1911,-1874,0,-37,-978,-1345,2360,-37,-978,-37,0,0,0,0,-0.46897393978748081
